session_id,schedule_id,session_date,start_time,end_time,duration_hours
1,1,2025-10-08,12:30:00,14:30:00,2
2,1,2025-10-15,12:30:00,14:30:00,2
3,1,2025-10-22,12:30:00,14:30:00,2
4,1,2025-10-29,12:30:00,14:30:00,2
5,1,2025-11-05,12:30:00,14:30:00,2
6,2,2025-10-06,09:30:00,11:30:00,2
7,2,2025-10-09,09:30:00,11:30:00,2
8,2,2025-10-13,09:30:00,11:30:00,2
9,2,2025-10-16,09:30:00,11:30:00,2
10,2,2025-10-20,09:30:00,11:30:00,2
11,2,2025-10-23,09:30:00,11:30:00,2
12,2,2025-10-27,09:30:00,11:30:00,2
13,2,2025-10-30,09:30:00,11:30:00,2
14,2,2025-11-03,09:30:00,11:30:00,2
15,2,2025-11-06,09:30:00,11:30:00,2
16,2,2025-11-10,09:30:00,11:30:00,2
17,2,2025-11-13,09:30:00,11:30:00,2
18,2,2025-11-17,09:30:00,11:30:00,2
19,2,2025-11-20,09:30:00,11:30:00,2
20,2,2025-11-24,09:30:00,11:30:00,2
21,2,2025-11-27,09:30:00,11:30:00,2
22,2,2025-12-08,09:30:00,11:30:00,2
23,2,2025-12-11,09:30:00,11:30:00,2
24,3,2025-12-04,09:30:00,11:30:00,2
25,4,2025-12-01,09:30:00,11:30:00,2
26,5,2025-10-07,12:30:00,14:30:00,2
27,5,2025-10-10,12:30:00,14:30:00,2
28,5,2025-10-14,12:30:00,14:30:00,2
29,5,2025-10-17,12:30:00,14:30:00,2
30,5,2025-10-21,12:30:00,14:30:00,2
31,5,2025-10-24,12:30:00,14:30:00,2
32,5,2025-10-28,12:30:00,14:30:00,2
33,5,2025-10-31,12:30:00,14:30:00,2
34,5,2025-11-04,12:30:00,14:30:00,2
35,5,2025-11-07,12:30:00,14:30:00,2
36,5,2025-11-11,12:30:00,14:30:00,2
37,5,2025-11-14,12:30:00,14:30:00,2
38,5,2025-11-18,12:30:00,14:30:00,2
39,5,2025-11-21,12:30:00,14:30:00,2
40,5,2025-11-25,12:30:00,14:30:00,2
41,5,2025-11-28,12:30:00,14:30:00,2
42,5,2025-12-09,12:30:00,14:30:00,2
43,5,2025-12-12,12:30:00,14:30:00,2
44,6,2025-12-02,12:30:00,14:30:00,2
45,6,2025-12-05,12:30:00,14:30:00,2
46,7,2025-12-02,12:30:00,14:30:00,2
47,7,2025-12-05,12:30:00,14:30:00,2
48,8,2025-10-07,12:30:00,14:30:00,2
49,8,2025-10-10,12:30:00,14:30:00,2
50,8,2025-10-14,12:30:00,14:30:00,2
51,8,2025-10-17,12:30:00,14:30:00,2
52,8,2025-10-21,12:30:00,14:30:00,2
53,8,2025-10-24,12:30:00,14:30:00,2
54,8,2025-10-28,12:30:00,14:30:00,2
55,8,2025-10-31,12:30:00,14:30:00,2
56,8,2025-11-04,12:30:00,14:30:00,2
57,8,2025-11-07,12:30:00,14:30:00,2
58,8,2025-11-11,12:30:00,14:30:00,2
59,8,2025-11-14,12:30:00,14:30:00,2
60,8,2025-11-18,12:30:00,14:30:00,2
61,8,2025-11-21,12:30:00,14:30:00,2
62,8,2025-11-25,12:30:00,14:30:00,2
63,8,2025-11-28,12:30:00,14:30:00,2
64,8,2025-12-09,12:30:00,14:30:00,2
65,8,2025-12-12,12:30:00,14:30:00,2
66,9,2025-12-02,11:30:00,13:30:00,2
67,10,2025-12-05,11:30:00,13:30:00,2
68,11,2025-10-06,14:30:00,16:30:00,2
69,11,2025-10-09,14:30:00,16:30:00,2
70,11,2025-10-13,14:30:00,16:30:00,2
71,11,2025-10-16,14:30:00,16:30:00,2
72,11,2025-10-20,14:30:00,16:30:00,2
73,11,2025-10-23,14:30:00,16:30:00,2
74,11,2025-10-27,14:30:00,16:30:00,2
75,11,2025-10-30,14:30:00,16:30:00,2
76,11,2025-11-03,14:30:00,16:30:00,2
77,11,2025-11-06,14:30:00,16:30:00,2
78,11,2025-11-10,14:30:00,16:30:00,2
79,11,2025-11-13,14:30:00,16:30:00,2
80,11,2025-11-17,14:30:00,16:30:00,2
81,11,2025-11-20,14:30:00,16:30:00,2
82,11,2025-11-24,14:30:00,16:30:00,2
83,11,2025-11-27,14:30:00,16:30:00,2
84,11,2025-12-08,14:30:00,16:30:00,2
85,11,2025-12-11,14:30:00,16:30:00,2
86,12,2025-12-04,14:30:00,16:30:00,2
87,13,2025-12-01,14:30:00,16:30:00,2
88,14,2025-10-06,12:30:00,14:30:00,2
89,14,2025-10-09,12:30:00,14:30:00,2
90,14,2025-10-13,12:30:00,14:30:00,2
91,14,2025-10-16,12:30:00,14:30:00,2
92,14,2025-10-20,12:30:00,14:30:00,2
93,14,2025-10-23,12:30:00,14:30:00,2
94,14,2025-10-27,12:30:00,14:30:00,2
95,14,2025-10-30,12:30:00,14:30:00,2
96,14,2025-11-03,12:30:00,14:30:00,2
97,14,2025-11-06,12:30:00,14:30:00,2
98,15,2025-11-10,12:30:00,14:30:00,2
99,15,2025-11-13,12:30:00,14:30:00,2
100,15,2025-11-17,12:30:00,14:30:00,2
101,15,2025-11-20,12:30:00,14:30:00,2
102,15,2025-11-24,12:30:00,14:30:00,2
103,15,2025-11-27,12:30:00,14:30:00,2
104,15,2025-12-08,12:30:00,14:30:00,2
105,15,2025-12-11,12:30:00,14:30:00,2
106,16,2025-12-01,12:30:00,14:30:00,2
107,16,2025-12-04,12:30:00,14:30:00,2
108,17,2025-10-07,12:30:00,14:30:00,2
109,17,2025-10-10,12:30:00,14:30:00,2
110,17,2025-10-14,12:30:00,14:30:00,2
111,17,2025-10-17,12:30:00,14:30:00,2
112,17,2025-10-21,12:30:00,14:30:00,2
113,17,2025-10-24,12:30:00,14:30:00,2
114,17,2025-10-28,12:30:00,14:30:00,2
115,17,2025-10-31,12:30:00,14:30:00,2
116,17,2025-11-04,12:30:00,14:30:00,2
117,17,2025-11-07,12:30:00,14:30:00,2
118,17,2025-11-11,12:30:00,14:30:00,2
119,17,2025-11-14,12:30:00,14:30:00,2
120,17,2025-11-18,12:30:00,14:30:00,2
121,17,2025-11-21,12:30:00,14:30:00,2
122,17,2025-11-25,12:30:00,14:30:00,2
123,17,2025-11-28,12:30:00,14:30:00,2
124,17,2025-12-09,12:30:00,14:30:00,2
125,17,2025-12-12,12:30:00,14:30:00,2
126,18,2025-12-05,12:30:00,14:30:00,2
127,19,2025-12-02,11:30:00,13:30:00,2
128,20,2025-10-07,09:30:00,11:30:00,2
129,20,2025-10-10,09:30:00,11:30:00,2
130,20,2025-10-14,09:30:00,11:30:00,2
131,20,2025-10-17,09:30:00,11:30:00,2
132,20,2025-10-21,09:30:00,11:30:00,2
133,20,2025-10-24,09:30:00,11:30:00,2
134,20,2025-10-28,09:30:00,11:30:00,2
135,20,2025-10-31,09:30:00,11:30:00,2
136,20,2025-11-04,09:30:00,11:30:00,2
137,20,2025-11-07,09:30:00,11:30:00,2
138,20,2025-11-11,09:30:00,11:30:00,2
139,20,2025-11-14,09:30:00,11:30:00,2
140,20,2025-11-18,09:30:00,11:30:00,2
141,20,2025-11-21,09:30:00,11:30:00,2
142,20,2025-11-25,09:30:00,11:30:00,2
143,20,2025-11-28,09:30:00,11:30:00,2
144,20,2025-12-09,09:30:00,11:30:00,2
145,20,2025-12-12,09:30:00,11:30:00,2
146,21,2025-12-02,10:30:00,12:30:00,2
147,21,2025-12-05,10:30:00,12:30:00,2
148,22,2025-10-13,12:30:00,14:30:00,2
149,23,2025-10-27,12:30:00,14:30:00,2
150,23,2025-10-30,12:30:00,14:30:00,2
151,24,2025-11-24,12:30:00,14:30:00,2
152,24,2025-11-27,12:30:00,14:30:00,2
153,25,2025-10-20,12:30:00,14:30:00,2
154,25,2025-10-23,12:30:00,14:30:00,2
155,26,2025-11-06,12:30:00,14:30:00,2
156,27,2025-12-01,12:30:00,14:30:00,2
157,27,2025-12-04,12:30:00,14:30:00,2
158,28,2025-12-08,12:30:00,14:30:00,2
159,28,2025-12-11,12:30:00,14:30:00,2
160,29,2025-11-10,12:30:00,14:30:00,2
161,30,2025-10-06,12:30:00,14:30:00,2
162,31,2025-10-09,12:30:00,14:30:00,2
163,32,2025-10-16,12:30:00,14:30:00,2
164,33,2025-11-17,12:30:00,14:30:00,2
165,33,2025-11-20,12:30:00,14:30:00,2
166,34,2025-11-13,12:30:00,14:30:00,2
167,35,2025-11-03,12:30:00,14:30:00,2
168,36,2025-11-10,12:30:00,14:30:00,2
169,36,2025-11-13,12:30:00,14:30:00,2
170,36,2025-11-17,12:30:00,14:30:00,2
171,36,2025-11-20,12:30:00,14:30:00,2
172,36,2025-11-24,12:30:00,14:30:00,2
173,36,2025-11-27,12:30:00,14:30:00,2
174,36,2025-12-01,12:30:00,14:30:00,2
175,36,2025-12-04,12:30:00,14:30:00,2
176,36,2025-12-08,12:30:00,14:30:00,2
177,36,2025-12-11,12:30:00,14:30:00,2
178,37,2025-10-06,12:30:00,14:30:00,2
179,37,2025-10-09,12:30:00,14:30:00,2
180,37,2025-10-13,12:30:00,14:30:00,2
181,37,2025-10-16,12:30:00,14:30:00,2
182,37,2025-10-20,12:30:00,14:30:00,2
183,37,2025-10-23,12:30:00,14:30:00,2
184,37,2025-10-27,12:30:00,14:30:00,2
185,37,2025-10-30,12:30:00,14:30:00,2
186,37,2025-11-03,12:30:00,14:30:00,2
187,37,2025-11-06,12:30:00,14:30:00,2
188,38,2025-10-06,07:30:00,09:30:00,2
189,38,2025-10-09,07:30:00,09:30:00,2
190,38,2025-10-13,07:30:00,09:30:00,2
191,38,2025-10-16,07:30:00,09:30:00,2
192,38,2025-10-20,07:30:00,09:30:00,2
193,38,2025-10-23,07:30:00,09:30:00,2
194,38,2025-10-27,07:30:00,09:30:00,2
195,38,2025-10-30,07:30:00,09:30:00,2
196,38,2025-11-03,07:30:00,09:30:00,2
197,38,2025-11-06,07:30:00,09:30:00,2
198,39,2025-11-10,07:30:00,09:30:00,2
199,39,2025-11-13,07:30:00,09:30:00,2
200,39,2025-11-17,07:30:00,09:30:00,2
201,39,2025-11-20,07:30:00,09:30:00,2
202,39,2025-11-24,07:30:00,09:30:00,2
203,39,2025-11-27,07:30:00,09:30:00,2
204,39,2025-12-01,07:30:00,09:30:00,2
205,39,2025-12-04,07:30:00,09:30:00,2
206,39,2025-12-08,07:30:00,09:30:00,2
207,39,2025-12-11,07:30:00,09:30:00,2
208,40,2025-10-08,07:30:00,10:30:00,3
209,40,2025-10-15,07:30:00,10:30:00,3
210,40,2025-10-22,07:30:00,10:30:00,3
211,40,2025-10-29,07:30:00,10:30:00,3
212,40,2025-11-05,07:30:00,10:30:00,3
213,41,2025-11-12,07:30:00,10:30:00,3
214,41,2025-11-19,07:30:00,10:30:00,3
215,41,2025-11-26,07:30:00,10:30:00,3
216,41,2025-12-03,07:30:00,10:30:00,3
217,41,2025-12-10,07:30:00,10:30:00,3
218,42,2025-10-08,12:30:00,15:30:00,3
219,42,2025-10-15,12:30:00,15:30:00,3
220,42,2025-10-22,12:30:00,15:30:00,3
221,42,2025-10-29,12:30:00,15:30:00,3
222,42,2025-11-05,12:30:00,15:30:00,3
223,43,2025-11-12,12:30:00,15:30:00,3
224,43,2025-11-19,12:30:00,15:30:00,3
225,43,2025-11-26,12:30:00,15:30:00,3
226,43,2025-12-03,12:30:00,15:30:00,3
227,43,2025-12-10,12:30:00,15:30:00,3
228,44,2025-11-10,12:30:00,14:30:00,2
229,44,2025-11-13,12:30:00,14:30:00,2
230,44,2025-11-17,12:30:00,14:30:00,2
231,44,2025-11-20,12:30:00,14:30:00,2
232,44,2025-11-24,12:30:00,14:30:00,2
233,44,2025-11-27,12:30:00,14:30:00,2
234,44,2025-12-01,12:30:00,14:30:00,2
235,44,2025-12-04,12:30:00,14:30:00,2
236,44,2025-12-08,12:30:00,14:30:00,2
237,44,2025-12-11,12:30:00,14:30:00,2
238,45,2025-10-06,12:30:00,14:30:00,2
239,45,2025-10-09,12:30:00,14:30:00,2
240,45,2025-10-13,12:30:00,14:30:00,2
241,45,2025-10-16,12:30:00,14:30:00,2
242,45,2025-10-20,12:30:00,14:30:00,2
243,45,2025-10-23,12:30:00,14:30:00,2
244,45,2025-10-27,12:30:00,14:30:00,2
245,45,2025-10-30,12:30:00,14:30:00,2
246,45,2025-11-03,12:30:00,14:30:00,2
247,45,2025-11-06,12:30:00,14:30:00,2
248,46,2025-10-06,09:30:00,11:30:00,2
249,46,2025-10-09,09:30:00,11:30:00,2
250,46,2025-10-13,09:30:00,11:30:00,2
251,46,2025-10-16,09:30:00,11:30:00,2
252,46,2025-10-20,09:30:00,11:30:00,2
253,46,2025-10-23,09:30:00,11:30:00,2
254,46,2025-10-27,09:30:00,11:30:00,2
255,46,2025-10-30,09:30:00,11:30:00,2
256,46,2025-11-03,09:30:00,11:30:00,2
257,46,2025-11-06,09:30:00,11:30:00,2
258,46,2025-11-10,09:30:00,11:30:00,2
259,46,2025-11-13,09:30:00,11:30:00,2
260,46,2025-11-17,09:30:00,11:30:00,2
261,46,2025-11-20,09:30:00,11:30:00,2
262,46,2025-11-24,09:30:00,11:30:00,2
263,46,2025-11-27,09:30:00,11:30:00,2
264,46,2025-12-01,09:30:00,11:30:00,2
265,46,2025-12-04,09:30:00,11:30:00,2
266,46,2025-12-08,09:30:00,11:30:00,2
267,46,2025-12-11,09:30:00,11:30:00,2
268,47,2025-10-07,09:30:00,11:30:00,2
269,47,2025-10-10,09:30:00,11:30:00,2
270,47,2025-10-14,09:30:00,11:30:00,2
271,47,2025-10-17,09:30:00,11:30:00,2
272,47,2025-10-21,09:30:00,11:30:00,2
273,47,2025-10-24,09:30:00,11:30:00,2
274,47,2025-10-28,09:30:00,11:30:00,2
275,47,2025-10-31,09:30:00,11:30:00,2
276,47,2025-11-04,09:30:00,11:30:00,2
277,47,2025-11-07,09:30:00,11:30:00,2
278,47,2025-11-11,09:30:00,11:30:00,2
279,47,2025-11-14,09:30:00,11:30:00,2
280,47,2025-11-18,09:30:00,11:30:00,2
281,47,2025-11-21,09:30:00,11:30:00,2
282,47,2025-11-25,09:30:00,11:30:00,2
283,47,2025-11-28,09:30:00,11:30:00,2
284,47,2025-12-02,09:30:00,11:30:00,2
285,47,2025-12-05,09:30:00,11:30:00,2
286,47,2025-12-09,09:30:00,11:30:00,2
287,47,2025-12-12,09:30:00,11:30:00,2
288,48,2025-10-06,07:30:00,09:30:00,2
289,48,2025-10-09,07:30:00,09:30:00,2
290,48,2025-10-13,07:30:00,09:30:00,2
291,48,2025-10-16,07:30:00,09:30:00,2
292,48,2025-10-20,07:30:00,09:30:00,2
293,48,2025-10-23,07:30:00,09:30:00,2
294,48,2025-10-27,07:30:00,09:30:00,2
295,48,2025-10-30,07:30:00,09:30:00,2
296,48,2025-11-03,07:30:00,09:30:00,2
297,48,2025-11-06,07:30:00,09:30:00,2
298,48,2025-11-10,07:30:00,09:30:00,2
299,48,2025-11-13,07:30:00,09:30:00,2
300,48,2025-11-17,07:30:00,09:30:00,2
301,48,2025-11-20,07:30:00,09:30:00,2
302,48,2025-11-24,07:30:00,09:30:00,2
303,48,2025-11-27,07:30:00,09:30:00,2
304,48,2025-12-01,07:30:00,09:30:00,2
305,48,2025-12-04,07:30:00,09:30:00,2
306,48,2025-12-08,07:30:00,09:30:00,2
307,48,2025-12-11,07:30:00,09:30:00,2
308,49,2025-10-07,07:30:00,09:30:00,2
309,49,2025-10-10,07:30:00,09:30:00,2
310,49,2025-10-14,07:30:00,09:30:00,2
311,49,2025-10-17,07:30:00,09:30:00,2
312,49,2025-10-21,07:30:00,09:30:00,2
313,49,2025-10-24,07:30:00,09:30:00,2
314,49,2025-10-28,07:30:00,09:30:00,2
315,49,2025-10-31,07:30:00,09:30:00,2
316,49,2025-11-04,07:30:00,09:30:00,2
317,49,2025-11-07,07:30:00,09:30:00,2
318,49,2025-11-11,07:30:00,09:30:00,2
319,49,2025-11-14,07:30:00,09:30:00,2
320,49,2025-11-18,07:30:00,09:30:00,2
321,49,2025-11-21,07:30:00,09:30:00,2
322,49,2025-11-25,07:30:00,09:30:00,2
323,49,2025-11-28,07:30:00,09:30:00,2
324,49,2025-12-02,07:30:00,09:30:00,2
325,49,2025-12-05,07:30:00,09:30:00,2
326,49,2025-12-09,07:30:00,09:30:00,2
327,49,2025-12-12,07:30:00,09:30:00,2
328,50,2025-11-11,12:30:00,14:30:00,2
329,50,2025-11-14,12:30:00,14:30:00,2
330,50,2025-11-18,12:30:00,14:30:00,2
331,50,2025-11-21,12:30:00,14:30:00,2
332,50,2025-11-25,12:30:00,14:30:00,2
333,50,2025-11-28,12:30:00,14:30:00,2
334,50,2025-12-02,12:30:00,14:30:00,2
335,50,2025-12-05,12:30:00,14:30:00,2
336,50,2025-12-09,12:30:00,14:30:00,2
337,50,2025-12-12,12:30:00,14:30:00,2
338,51,2025-10-07,12:30:00,14:30:00,2
339,51,2025-10-10,12:30:00,14:30:00,2
340,51,2025-10-14,12:30:00,14:30:00,2
341,51,2025-10-17,12:30:00,14:30:00,2
342,51,2025-10-21,12:30:00,14:30:00,2
343,51,2025-10-24,12:30:00,14:30:00,2
344,51,2025-10-28,12:30:00,14:30:00,2
345,51,2025-10-31,12:30:00,14:30:00,2
346,51,2025-11-04,12:30:00,14:30:00,2
347,51,2025-11-07,12:30:00,14:30:00,2
348,52,2025-10-07,16:30:00,18:30:00,2
349,52,2025-10-10,16:30:00,18:30:00,2
350,52,2025-10-14,16:30:00,18:30:00,2
351,52,2025-10-17,16:30:00,18:30:00,2
352,52,2025-10-21,16:30:00,18:30:00,2
353,52,2025-10-24,16:30:00,18:30:00,2
354,52,2025-10-28,16:30:00,18:30:00,2
355,52,2025-10-31,16:30:00,18:30:00,2
356,52,2025-11-04,16:30:00,18:30:00,2
357,52,2025-11-07,16:30:00,18:30:00,2
358,52,2025-11-11,16:30:00,18:30:00,2
359,52,2025-11-14,16:30:00,18:30:00,2
360,52,2025-11-18,16:30:00,18:30:00,2
361,52,2025-11-21,16:30:00,18:30:00,2
362,52,2025-11-25,16:30:00,18:30:00,2
363,52,2025-11-28,16:30:00,18:30:00,2
364,52,2025-12-02,16:30:00,18:30:00,2
365,52,2025-12-05,16:30:00,18:30:00,2
366,52,2025-12-09,16:30:00,18:30:00,2
367,52,2025-12-12,16:30:00,18:30:00,2
368,53,2025-10-06,14:30:00,16:30:00,2
369,53,2025-10-09,14:30:00,16:30:00,2
370,53,2025-10-13,14:30:00,16:30:00,2
371,53,2025-10-16,14:30:00,16:30:00,2
372,53,2025-10-20,14:30:00,16:30:00,2
373,53,2025-10-23,14:30:00,16:30:00,2
374,53,2025-10-27,14:30:00,16:30:00,2
375,53,2025-10-30,14:30:00,16:30:00,2
376,53,2025-11-03,14:30:00,16:30:00,2
377,53,2025-11-06,14:30:00,16:30:00,2
378,53,2025-11-10,14:30:00,16:30:00,2
379,53,2025-11-13,14:30:00,16:30:00,2
380,53,2025-11-17,14:30:00,16:30:00,2
381,53,2025-11-20,14:30:00,16:30:00,2
382,53,2025-11-24,14:30:00,16:30:00,2
383,53,2025-11-27,14:30:00,16:30:00,2
384,53,2025-12-01,14:30:00,16:30:00,2
385,53,2025-12-04,14:30:00,16:30:00,2
386,53,2025-12-08,14:30:00,16:30:00,2
387,53,2025-12-11,14:30:00,16:30:00,2
388,54,2025-10-06,07:30:00,09:30:00,2
389,54,2025-10-09,07:30:00,09:30:00,2
390,54,2025-10-13,07:30:00,09:30:00,2
391,54,2025-10-16,07:30:00,09:30:00,2
392,54,2025-10-20,07:30:00,09:30:00,2
393,54,2025-10-23,07:30:00,09:30:00,2
394,54,2025-10-27,07:30:00,09:30:00,2
395,54,2025-10-30,07:30:00,09:30:00,2
396,54,2025-11-03,07:30:00,09:30:00,2
397,54,2025-11-06,07:30:00,09:30:00,2
398,54,2025-11-10,07:30:00,09:30:00,2
399,54,2025-11-13,07:30:00,09:30:00,2
400,54,2025-11-17,07:30:00,09:30:00,2
401,54,2025-11-20,07:30:00,09:30:00,2
402,54,2025-11-24,07:30:00,09:30:00,2
403,54,2025-11-27,07:30:00,09:30:00,2
404,54,2025-12-01,07:30:00,09:30:00,2
405,54,2025-12-04,07:30:00,09:30:00,2
406,54,2025-12-08,07:30:00,09:30:00,2
407,54,2025-12-11,07:30:00,09:30:00,2
408,55,2025-10-06,12:30:00,14:30:00,2
409,55,2025-10-09,12:30:00,14:30:00,2
410,55,2025-10-13,12:30:00,14:30:00,2
411,55,2025-10-16,12:30:00,14:30:00,2
412,55,2025-10-20,12:30:00,14:30:00,2
413,55,2025-10-23,12:30:00,14:30:00,2
414,55,2025-10-27,12:30:00,14:30:00,2
415,55,2025-10-30,12:30:00,14:30:00,2
416,55,2025-11-03,12:30:00,14:30:00,2
417,55,2025-11-06,12:30:00,14:30:00,2
418,55,2025-11-10,12:30:00,14:30:00,2
419,55,2025-11-13,12:30:00,14:30:00,2
420,55,2025-11-17,12:30:00,14:30:00,2
421,55,2025-11-20,12:30:00,14:30:00,2
422,55,2025-11-24,12:30:00,14:30:00,2
423,55,2025-11-27,12:30:00,14:30:00,2
424,55,2025-12-01,12:30:00,14:30:00,2
425,55,2025-12-04,12:30:00,14:30:00,2
426,55,2025-12-08,12:30:00,14:30:00,2
427,55,2025-12-11,12:30:00,14:30:00,2
428,56,2025-10-07,09:30:00,11:30:00,2
429,56,2025-10-10,09:30:00,11:30:00,2
430,56,2025-10-14,09:30:00,11:30:00,2
431,56,2025-10-17,09:30:00,11:30:00,2
432,56,2025-10-21,09:30:00,11:30:00,2
433,56,2025-10-24,09:30:00,11:30:00,2
434,56,2025-10-28,09:30:00,11:30:00,2
435,56,2025-10-31,09:30:00,11:30:00,2
436,56,2025-11-04,09:30:00,11:30:00,2
437,56,2025-11-07,09:30:00,11:30:00,2
438,56,2025-11-11,09:30:00,11:30:00,2
439,56,2025-11-14,09:30:00,11:30:00,2
440,56,2025-11-18,09:30:00,11:30:00,2
441,56,2025-11-21,09:30:00,11:30:00,2
442,56,2025-11-25,09:30:00,11:30:00,2
443,56,2025-11-28,09:30:00,11:30:00,2
444,56,2025-12-02,09:30:00,11:30:00,2
445,56,2025-12-05,09:30:00,11:30:00,2
446,56,2025-12-09,09:30:00,11:30:00,2
447,56,2025-12-12,09:30:00,11:30:00,2
448,57,2025-10-06,14:30:00,16:30:00,2
449,57,2025-10-09,14:30:00,16:30:00,2
450,57,2025-10-13,14:30:00,16:30:00,2
451,57,2025-10-16,14:30:00,16:30:00,2
452,57,2025-10-20,14:30:00,16:30:00,2
453,57,2025-10-23,14:30:00,16:30:00,2
454,57,2025-10-27,14:30:00,16:30:00,2
455,57,2025-10-30,14:30:00,16:30:00,2
456,57,2025-11-03,14:30:00,16:30:00,2
457,57,2025-11-06,14:30:00,16:30:00,2
458,57,2025-11-10,14:30:00,16:30:00,2
459,57,2025-11-13,14:30:00,16:30:00,2
460,57,2025-11-17,14:30:00,16:30:00,2
461,57,2025-11-20,14:30:00,16:30:00,2
462,57,2025-11-24,14:30:00,16:30:00,2
463,57,2025-11-27,14:30:00,16:30:00,2
464,57,2025-12-01,14:30:00,16:30:00,2
465,57,2025-12-04,14:30:00,16:30:00,2
466,57,2025-12-08,14:30:00,16:30:00,2
467,57,2025-12-11,14:30:00,16:30:00,2
468,58,2025-10-06,09:30:00,11:30:00,2
469,58,2025-10-09,09:30:00,11:30:00,2
470,58,2025-10-13,09:30:00,11:30:00,2
471,58,2025-10-16,09:30:00,11:30:00,2
472,58,2025-10-20,09:30:00,11:30:00,2
473,58,2025-10-23,09:30:00,11:30:00,2
474,58,2025-10-27,09:30:00,11:30:00,2
475,58,2025-10-30,09:30:00,11:30:00,2
476,58,2025-11-03,09:30:00,11:30:00,2
477,58,2025-11-06,09:30:00,11:30:00,2
478,58,2025-11-10,09:30:00,11:30:00,2
479,58,2025-11-13,09:30:00,11:30:00,2
480,58,2025-11-17,09:30:00,11:30:00,2
481,58,2025-11-20,09:30:00,11:30:00,2
482,58,2025-11-24,09:30:00,11:30:00,2
483,58,2025-11-27,09:30:00,11:30:00,2
484,58,2025-12-01,09:30:00,11:30:00,2
485,58,2025-12-04,09:30:00,11:30:00,2
486,58,2025-12-08,09:30:00,11:30:00,2
487,58,2025-12-11,09:30:00,11:30:00,2
488,59,2025-10-07,14:30:00,16:30:00,2
489,59,2025-10-10,14:30:00,16:30:00,2
490,59,2025-10-14,14:30:00,16:30:00,2
491,59,2025-10-17,14:30:00,16:30:00,2
492,59,2025-10-21,14:30:00,16:30:00,2
493,59,2025-10-24,14:30:00,16:30:00,2
494,59,2025-10-28,14:30:00,16:30:00,2
495,59,2025-10-31,14:30:00,16:30:00,2
496,59,2025-11-04,14:30:00,16:30:00,2
497,59,2025-11-07,14:30:00,16:30:00,2
498,59,2025-11-11,14:30:00,16:30:00,2
499,59,2025-11-14,14:30:00,16:30:00,2
500,59,2025-11-18,14:30:00,16:30:00,2
501,59,2025-11-21,14:30:00,16:30:00,2
502,59,2025-11-25,14:30:00,16:30:00,2
503,59,2025-11-28,14:30:00,16:30:00,2
504,59,2025-12-02,14:30:00,16:30:00,2
505,59,2025-12-05,14:30:00,16:30:00,2
506,59,2025-12-09,14:30:00,16:30:00,2
507,59,2025-12-12,14:30:00,16:30:00,2
508,60,2025-10-07,12:30:00,14:30:00,2
509,60,2025-10-10,12:30:00,14:30:00,2
510,60,2025-10-14,12:30:00,14:30:00,2
511,60,2025-10-17,12:30:00,14:30:00,2
512,60,2025-10-21,12:30:00,14:30:00,2
513,60,2025-10-24,12:30:00,14:30:00,2
514,60,2025-10-28,12:30:00,14:30:00,2
515,60,2025-10-31,12:30:00,14:30:00,2
516,60,2025-11-04,12:30:00,14:30:00,2
517,60,2025-11-07,12:30:00,14:30:00,2
518,60,2025-11-11,12:30:00,14:30:00,2
519,60,2025-11-14,12:30:00,14:30:00,2
520,60,2025-11-18,12:30:00,14:30:00,2
521,60,2025-11-21,12:30:00,14:30:00,2
522,60,2025-11-25,12:30:00,14:30:00,2
523,60,2025-11-28,12:30:00,14:30:00,2
524,60,2025-12-02,12:30:00,14:30:00,2
525,60,2025-12-05,12:30:00,14:30:00,2
526,60,2025-12-09,12:30:00,14:30:00,2
527,60,2025-12-12,12:30:00,14:30:00,2
528,70,2025-10-06,08:30:00,11:30:00,3
529,70,2025-10-13,08:30:00,11:30:00,3
530,70,2025-10-20,08:30:00,11:30:00,3
531,70,2025-10-27,08:30:00,11:30:00,3
532,70,2025-11-03,08:30:00,11:30:00,3
533,70,2025-11-10,08:30:00,11:30:00,3
534,70,2025-11-17,08:30:00,11:30:00,3
535,70,2025-11-24,08:30:00,11:30:00,3
536,70,2025-12-01,08:30:00,11:30:00,3
537,70,2025-12-08,08:30:00,11:30:00,3
538,71,2025-10-09,08:30:00,11:30:00,3
539,71,2025-10-16,08:30:00,11:30:00,3
540,71,2025-10-23,08:30:00,11:30:00,3
541,71,2025-10-30,08:30:00,11:30:00,3
542,71,2025-11-06,08:30:00,11:30:00,3
543,71,2025-11-13,08:30:00,11:30:00,3
544,71,2025-11-20,08:30:00,11:30:00,3
545,71,2025-11-27,08:30:00,11:30:00,3
546,71,2025-12-04,08:30:00,11:30:00,3
547,71,2025-12-11,08:30:00,11:30:00,3
548,72,2025-10-10,12:30:00,15:30:00,3
549,72,2025-10-17,12:30:00,15:30:00,3
550,72,2025-10-24,12:30:00,15:30:00,3
551,72,2025-10-31,12:30:00,15:30:00,3
552,72,2025-11-07,12:30:00,15:30:00,3
553,72,2025-11-14,12:30:00,15:30:00,3
554,72,2025-11-21,12:30:00,15:30:00,3
555,72,2025-11-28,12:30:00,15:30:00,3
556,72,2025-12-05,12:30:00,15:30:00,3
557,72,2025-12-12,12:30:00,15:30:00,3
558,73,2025-10-07,12:30:00,15:30:00,3
559,73,2025-10-14,12:30:00,15:30:00,3
560,73,2025-10-21,12:30:00,15:30:00,3
561,73,2025-10-28,12:30:00,15:30:00,3
562,73,2025-11-04,12:30:00,15:30:00,3
563,73,2025-11-11,12:30:00,15:30:00,3
564,73,2025-11-18,12:30:00,15:30:00,3
565,73,2025-11-25,12:30:00,15:30:00,3
566,73,2025-12-02,12:30:00,15:30:00,3
567,73,2025-12-09,12:30:00,15:30:00,3
568,74,2025-10-07,12:30:00,14:30:00,2
569,74,2025-10-10,12:30:00,14:30:00,2
570,74,2025-10-14,12:30:00,14:30:00,2
571,74,2025-10-17,12:30:00,14:30:00,2
572,74,2025-10-21,12:30:00,14:30:00,2
573,74,2025-10-24,12:30:00,14:30:00,2
574,74,2025-10-28,12:30:00,14:30:00,2
575,74,2025-10-31,12:30:00,14:30:00,2
576,74,2025-11-04,12:30:00,14:30:00,2
577,74,2025-11-07,12:30:00,14:30:00,2
578,74,2025-11-11,12:30:00,14:30:00,2
579,74,2025-11-14,12:30:00,14:30:00,2
580,74,2025-11-18,12:30:00,14:30:00,2
581,74,2025-11-21,12:30:00,14:30:00,2
582,74,2025-11-25,12:30:00,14:30:00,2
583,74,2025-11-28,12:30:00,14:30:00,2
584,74,2025-12-02,12:30:00,14:30:00,2
585,74,2025-12-05,12:30:00,14:30:00,2
586,74,2025-12-09,12:30:00,14:30:00,2
587,74,2025-12-12,12:30:00,14:30:00,2
588,75,2025-10-11,12:30:00,16:30:00,4
589,75,2025-10-18,12:30:00,16:30:00,4
590,75,2025-10-25,12:30:00,16:30:00,4
591,75,2025-11-01,12:30:00,16:30:00,4
592,75,2025-11-08,12:30:00,16:30:00,4
593,75,2025-11-15,12:30:00,16:30:00,4
594,75,2025-11-22,12:30:00,16:30:00,4
595,75,2025-11-29,12:30:00,16:30:00,4
596,75,2025-12-06,12:30:00,16:30:00,4
597,75,2025-12-13,12:30:00,16:30:00,4
598,76,2025-10-06,12:30:00,15:30:00,3
599,76,2025-10-13,12:30:00,15:30:00,3
600,76,2025-10-20,12:30:00,15:30:00,3
601,76,2025-10-27,12:30:00,15:30:00,3
602,76,2025-11-03,12:30:00,15:30:00,3
603,76,2025-11-10,12:30:00,15:30:00,3
604,76,2025-11-17,12:30:00,15:30:00,3
605,76,2025-11-24,12:30:00,15:30:00,3
606,76,2025-12-01,12:30:00,15:30:00,3
607,76,2025-12-08,12:30:00,15:30:00,3
608,77,2025-10-09,12:30:00,15:30:00,3
609,77,2025-10-16,12:30:00,15:30:00,3
610,77,2025-10-23,12:30:00,15:30:00,3
611,77,2025-10-30,12:30:00,15:30:00,3
612,77,2025-11-06,12:30:00,15:30:00,3
613,77,2025-11-13,12:30:00,15:30:00,3
614,77,2025-11-20,12:30:00,15:30:00,3
615,77,2025-11-27,12:30:00,15:30:00,3
616,77,2025-12-04,12:30:00,15:30:00,3
617,77,2025-12-11,12:30:00,15:30:00,3
618,78,2025-10-06,07:30:00,10:30:00,3
619,78,2025-10-13,07:30:00,10:30:00,3
620,78,2025-10-20,07:30:00,10:30:00,3
621,78,2025-10-27,07:30:00,10:30:00,3
622,78,2025-11-03,07:30:00,10:30:00,3
623,78,2025-11-10,07:30:00,10:30:00,3
624,78,2025-11-17,07:30:00,10:30:00,3
625,78,2025-11-24,07:30:00,10:30:00,3
626,78,2025-12-01,07:30:00,10:30:00,3
627,78,2025-12-08,07:30:00,10:30:00,3
628,79,2025-10-09,07:30:00,10:30:00,3
629,79,2025-10-16,07:30:00,10:30:00,3
630,79,2025-10-23,07:30:00,10:30:00,3
631,79,2025-10-30,07:30:00,10:30:00,3
632,79,2025-11-06,07:30:00,10:30:00,3
633,79,2025-11-13,07:30:00,10:30:00,3
634,79,2025-11-20,07:30:00,10:30:00,3
635,79,2025-11-27,07:30:00,10:30:00,3
636,79,2025-12-04,07:30:00,10:30:00,3
637,79,2025-12-11,07:30:00,10:30:00,3
638,80,2025-10-07,07:30:00,10:30:00,3
639,80,2025-10-14,07:30:00,10:30:00,3
640,80,2025-10-21,07:30:00,10:30:00,3
641,80,2025-10-28,07:30:00,10:30:00,3
642,80,2025-11-04,07:30:00,10:30:00,3
643,80,2025-11-11,07:30:00,10:30:00,3
644,80,2025-11-18,07:30:00,10:30:00,3
645,80,2025-11-25,07:30:00,10:30:00,3
646,80,2025-12-02,07:30:00,10:30:00,3
647,80,2025-12-09,07:30:00,10:30:00,3
648,81,2025-10-10,07:30:00,10:30:00,3
649,81,2025-10-17,07:30:00,10:30:00,3
650,81,2025-10-24,07:30:00,10:30:00,3
651,81,2025-10-31,07:30:00,10:30:00,3
652,81,2025-11-07,07:30:00,10:30:00,3
653,81,2025-11-14,07:30:00,10:30:00,3
654,81,2025-11-21,07:30:00,10:30:00,3
655,81,2025-11-28,07:30:00,10:30:00,3
656,81,2025-12-05,07:30:00,10:30:00,3
657,81,2025-12-12,07:30:00,10:30:00,3
658,82,2025-11-25,14:30:00,16:30:00,2
659,82,2025-11-28,14:30:00,16:30:00,2
660,82,2025-12-02,14:30:00,16:30:00,2
661,82,2025-12-05,14:30:00,16:30:00,2
662,82,2025-12-09,14:30:00,16:30:00,2
663,82,2025-12-12,14:30:00,16:30:00,2
664,83,2025-11-04,14:30:00,16:30:00,2
665,83,2025-11-07,14:30:00,16:30:00,2
666,83,2025-11-11,14:30:00,16:30:00,2
667,83,2025-11-14,14:30:00,16:30:00,2
668,83,2025-11-18,14:30:00,16:30:00,2
669,83,2025-11-21,14:30:00,16:30:00,2
670,84,2025-10-07,14:30:00,16:30:00,2
671,84,2025-10-10,14:30:00,16:30:00,2
672,84,2025-10-14,14:30:00,16:30:00,2
673,84,2025-10-17,14:30:00,16:30:00,2
674,84,2025-10-21,14:30:00,16:30:00,2
675,84,2025-10-24,14:30:00,16:30:00,2
676,84,2025-10-28,14:30:00,16:30:00,2
677,84,2025-10-31,14:30:00,16:30:00,2
678,85,2025-10-07,09:30:00,11:30:00,2
679,85,2025-10-10,09:30:00,11:30:00,2
680,85,2025-10-14,09:30:00,11:30:00,2
681,85,2025-10-17,09:30:00,11:30:00,2
682,85,2025-10-21,09:30:00,11:30:00,2
683,85,2025-10-24,09:30:00,11:30:00,2
684,85,2025-10-28,09:30:00,11:30:00,2
685,85,2025-10-31,09:30:00,11:30:00,2
686,85,2025-11-04,09:30:00,11:30:00,2
687,85,2025-11-07,09:30:00,11:30:00,2
688,85,2025-11-11,09:30:00,11:30:00,2
689,85,2025-11-14,09:30:00,11:30:00,2
690,85,2025-11-18,09:30:00,11:30:00,2
691,85,2025-11-21,09:30:00,11:30:00,2
692,85,2025-11-25,09:30:00,11:30:00,2
693,85,2025-11-28,09:30:00,11:30:00,2
694,85,2025-12-02,09:30:00,11:30:00,2
695,85,2025-12-05,09:30:00,11:30:00,2
696,85,2025-12-09,09:30:00,11:30:00,2
697,85,2025-12-12,09:30:00,11:30:00,2
698,86,2025-10-07,12:30:00,14:30:00,2
699,86,2025-10-10,12:30:00,14:30:00,2
700,86,2025-10-14,12:30:00,14:30:00,2
701,86,2025-10-17,12:30:00,14:30:00,2
702,86,2025-10-21,12:30:00,14:30:00,2
703,86,2025-10-24,12:30:00,14:30:00,2
704,86,2025-10-28,12:30:00,14:30:00,2
705,86,2025-10-31,12:30:00,14:30:00,2
706,86,2025-11-04,12:30:00,14:30:00,2
707,86,2025-11-07,12:30:00,14:30:00,2
708,86,2025-11-11,12:30:00,14:30:00,2
709,86,2025-11-14,12:30:00,14:30:00,2
710,86,2025-11-18,12:30:00,14:30:00,2
711,86,2025-11-21,12:30:00,14:30:00,2
712,86,2025-11-25,12:30:00,14:30:00,2
713,86,2025-11-28,12:30:00,14:30:00,2
714,86,2025-12-02,12:30:00,14:30:00,2
715,86,2025-12-05,12:30:00,14:30:00,2
716,86,2025-12-09,12:30:00,14:30:00,2
717,86,2025-12-12,12:30:00,14:30:00,2
718,87,2025-10-07,14:30:00,16:30:00,2
719,87,2025-10-10,14:30:00,16:30:00,2
720,87,2025-10-14,14:30:00,16:30:00,2
721,87,2025-10-17,14:30:00,16:30:00,2
722,87,2025-10-21,14:30:00,16:30:00,2
723,87,2025-10-24,14:30:00,16:30:00,2
724,87,2025-10-28,14:30:00,16:30:00,2
725,87,2025-10-31,14:30:00,16:30:00,2
726,87,2025-11-04,14:30:00,16:30:00,2
727,87,2025-11-07,14:30:00,16:30:00,2
728,87,2025-11-11,14:30:00,16:30:00,2
729,87,2025-11-14,14:30:00,16:30:00,2
730,87,2025-11-18,14:30:00,16:30:00,2
731,87,2025-11-21,14:30:00,16:30:00,2
732,87,2025-11-25,14:30:00,16:30:00,2
733,87,2025-11-28,14:30:00,16:30:00,2
734,87,2025-12-02,14:30:00,16:30:00,2
735,87,2025-12-05,14:30:00,16:30:00,2
736,87,2025-12-09,14:30:00,16:30:00,2
737,87,2025-12-12,14:30:00,16:30:00,2
738,88,2025-10-07,07:30:00,09:30:00,2
739,88,2025-10-10,07:30:00,09:30:00,2
740,88,2025-10-14,07:30:00,09:30:00,2
741,88,2025-10-17,07:30:00,09:30:00,2
742,88,2025-10-21,07:30:00,09:30:00,2
743,88,2025-10-24,07:30:00,09:30:00,2
744,88,2025-10-28,07:30:00,09:30:00,2
745,88,2025-10-31,07:30:00,09:30:00,2
746,88,2025-11-04,07:30:00,09:30:00,2
747,88,2025-11-07,07:30:00,09:30:00,2
748,88,2025-11-11,07:30:00,09:30:00,2
749,88,2025-11-14,07:30:00,09:30:00,2
750,88,2025-11-18,07:30:00,09:30:00,2
751,88,2025-11-21,07:30:00,09:30:00,2
752,88,2025-11-25,07:30:00,09:30:00,2
753,88,2025-11-28,07:30:00,09:30:00,2
754,88,2025-12-02,07:30:00,09:30:00,2
755,88,2025-12-05,07:30:00,09:30:00,2
756,88,2025-12-09,07:30:00,09:30:00,2
757,88,2025-12-12,07:30:00,09:30:00,2
758,89,2025-10-06,09:30:00,11:30:00,2
759,89,2025-10-09,09:30:00,11:30:00,2
760,89,2025-10-13,09:30:00,11:30:00,2
761,89,2025-10-16,09:30:00,11:30:00,2
762,89,2025-10-20,09:30:00,11:30:00,2
763,89,2025-10-23,09:30:00,11:30:00,2
764,89,2025-10-27,09:30:00,11:30:00,2
765,89,2025-10-30,09:30:00,11:30:00,2
766,89,2025-11-03,09:30:00,11:30:00,2
767,89,2025-11-06,09:30:00,11:30:00,2
768,89,2025-11-10,09:30:00,11:30:00,2
769,89,2025-11-13,09:30:00,11:30:00,2
770,89,2025-11-17,09:30:00,11:30:00,2
771,89,2025-11-20,09:30:00,11:30:00,2
772,89,2025-11-24,09:30:00,11:30:00,2
773,89,2025-11-27,09:30:00,11:30:00,2
774,89,2025-12-01,09:30:00,11:30:00,2
775,89,2025-12-04,09:30:00,11:30:00,2
776,89,2025-12-08,09:30:00,11:30:00,2
777,89,2025-12-11,09:30:00,11:30:00,2
778,90,2025-10-07,09:30:00,11:30:00,2
779,90,2025-10-10,09:30:00,11:30:00,2
780,90,2025-10-14,09:30:00,11:30:00,2
781,90,2025-10-17,09:30:00,11:30:00,2
782,90,2025-10-21,09:30:00,11:30:00,2
783,90,2025-10-24,09:30:00,11:30:00,2
784,90,2025-10-28,09:30:00,11:30:00,2
785,90,2025-10-31,09:30:00,11:30:00,2
786,90,2025-11-04,09:30:00,11:30:00,2
787,90,2025-11-07,09:30:00,11:30:00,2
788,90,2025-11-11,09:30:00,11:30:00,2
789,90,2025-11-14,09:30:00,11:30:00,2
790,90,2025-11-18,09:30:00,11:30:00,2
791,90,2025-11-21,09:30:00,11:30:00,2
792,90,2025-11-25,09:30:00,11:30:00,2
793,90,2025-11-28,09:30:00,11:30:00,2
794,90,2025-12-02,09:30:00,11:30:00,2
795,90,2025-12-05,09:30:00,11:30:00,2
796,90,2025-12-09,09:30:00,11:30:00,2
797,90,2025-12-12,09:30:00,11:30:00,2
798,91,2025-10-06,07:30:00,09:30:00,2
799,91,2025-10-09,07:30:00,09:30:00,2
800,91,2025-10-13,07:30:00,09:30:00,2
801,91,2025-10-16,07:30:00,09:30:00,2
802,91,2025-10-20,07:30:00,09:30:00,2
803,91,2025-10-23,07:30:00,09:30:00,2
804,91,2025-10-27,07:30:00,09:30:00,2
805,91,2025-10-30,07:30:00,09:30:00,2
806,91,2025-11-03,07:30:00,09:30:00,2
807,91,2025-11-06,07:30:00,09:30:00,2
808,91,2025-11-10,07:30:00,09:30:00,2
809,91,2025-11-13,07:30:00,09:30:00,2
810,91,2025-11-17,07:30:00,09:30:00,2
811,91,2025-11-20,07:30:00,09:30:00,2
812,91,2025-11-24,07:30:00,09:30:00,2
813,91,2025-11-27,07:30:00,09:30:00,2
814,91,2025-12-01,07:30:00,09:30:00,2
815,91,2025-12-04,07:30:00,09:30:00,2
816,91,2025-12-08,07:30:00,09:30:00,2
817,91,2025-12-11,07:30:00,09:30:00,2
818,92,2025-10-07,07:30:00,09:30:00,2
819,92,2025-10-10,07:30:00,09:30:00,2
820,92,2025-10-14,07:30:00,09:30:00,2
821,92,2025-10-17,07:30:00,09:30:00,2
822,92,2025-10-21,07:30:00,09:30:00,2
823,92,2025-10-24,07:30:00,09:30:00,2
824,92,2025-10-28,07:30:00,09:30:00,2
825,92,2025-10-31,07:30:00,09:30:00,2
826,92,2025-11-04,07:30:00,09:30:00,2
827,92,2025-11-07,07:30:00,09:30:00,2
828,92,2025-11-11,07:30:00,09:30:00,2
829,92,2025-11-14,07:30:00,09:30:00,2
830,92,2025-11-18,07:30:00,09:30:00,2
831,92,2025-11-21,07:30:00,09:30:00,2
832,92,2025-11-25,07:30:00,09:30:00,2
833,92,2025-11-28,07:30:00,09:30:00,2
834,92,2025-12-02,07:30:00,09:30:00,2
835,92,2025-12-05,07:30:00,09:30:00,2
836,92,2025-12-09,07:30:00,09:30:00,2
837,92,2025-12-12,07:30:00,09:30:00,2
838,93,2025-10-07,09:30:00,11:30:00,2
839,93,2025-10-10,09:30:00,11:30:00,2
840,93,2025-10-14,09:30:00,11:30:00,2
841,93,2025-10-17,09:30:00,11:30:00,2
842,93,2025-10-21,09:30:00,11:30:00,2
843,93,2025-10-24,09:30:00,11:30:00,2
844,93,2025-10-28,09:30:00,11:30:00,2
845,93,2025-10-31,09:30:00,11:30:00,2
846,93,2025-11-04,09:30:00,11:30:00,2
847,93,2025-11-07,09:30:00,11:30:00,2
848,93,2025-11-11,09:30:00,11:30:00,2
849,93,2025-11-14,09:30:00,11:30:00,2
850,93,2025-11-18,09:30:00,11:30:00,2
851,93,2025-11-21,09:30:00,11:30:00,2
852,93,2025-11-25,09:30:00,11:30:00,2
853,93,2025-11-28,09:30:00,11:30:00,2
854,93,2025-12-02,09:30:00,11:30:00,2
855,93,2025-12-05,09:30:00,11:30:00,2
856,93,2025-12-09,09:30:00,11:30:00,2
857,93,2025-12-12,09:30:00,11:30:00,2
858,94,2025-10-07,12:30:00,14:30:00,2
859,94,2025-10-10,12:30:00,14:30:00,2
860,94,2025-10-14,12:30:00,14:30:00,2
861,94,2025-10-17,12:30:00,14:30:00,2
862,94,2025-10-21,12:30:00,14:30:00,2
863,94,2025-10-24,12:30:00,14:30:00,2
864,94,2025-10-28,12:30:00,14:30:00,2
865,94,2025-10-31,12:30:00,14:30:00,2
866,94,2025-11-04,12:30:00,14:30:00,2
867,94,2025-11-07,12:30:00,14:30:00,2
868,94,2025-11-11,12:30:00,14:30:00,2
869,94,2025-11-14,12:30:00,14:30:00,2
870,94,2025-11-18,12:30:00,14:30:00,2
871,94,2025-11-21,12:30:00,14:30:00,2
872,94,2025-11-25,12:30:00,14:30:00,2
873,94,2025-11-28,12:30:00,14:30:00,2
874,94,2025-12-02,12:30:00,14:30:00,2
875,94,2025-12-05,12:30:00,14:30:00,2
876,94,2025-12-09,12:30:00,14:30:00,2
877,94,2025-12-12,12:30:00,14:30:00,2
878,95,2025-10-06,12:30:00,14:30:00,2
879,95,2025-10-09,12:30:00,14:30:00,2
880,95,2025-10-13,12:30:00,14:30:00,2
881,95,2025-10-16,12:30:00,14:30:00,2
882,95,2025-10-20,12:30:00,14:30:00,2
883,95,2025-10-23,12:30:00,14:30:00,2
884,95,2025-10-27,12:30:00,14:30:00,2
885,95,2025-10-30,12:30:00,14:30:00,2
886,95,2025-11-03,12:30:00,14:30:00,2
887,95,2025-11-06,12:30:00,14:30:00,2
888,95,2025-11-10,12:30:00,14:30:00,2
889,95,2025-11-13,12:30:00,14:30:00,2
890,95,2025-11-17,12:30:00,14:30:00,2
891,95,2025-11-20,12:30:00,14:30:00,2
892,95,2025-11-24,12:30:00,14:30:00,2
893,95,2025-11-27,12:30:00,14:30:00,2
894,95,2025-12-01,12:30:00,14:30:00,2
895,95,2025-12-04,12:30:00,14:30:00,2
896,95,2025-12-08,12:30:00,14:30:00,2
897,95,2025-12-11,12:30:00,14:30:00,2
898,96,2025-10-06,16:30:00,18:30:00,2
899,96,2025-10-09,16:30:00,18:30:00,2
900,96,2025-10-13,16:30:00,18:30:00,2
901,96,2025-10-16,16:30:00,18:30:00,2
902,96,2025-10-20,16:30:00,18:30:00,2
903,96,2025-10-23,16:30:00,18:30:00,2
904,96,2025-10-27,16:30:00,18:30:00,2
905,96,2025-10-30,16:30:00,18:30:00,2
906,96,2025-11-03,16:30:00,18:30:00,2
907,96,2025-11-06,16:30:00,18:30:00,2
908,96,2025-11-10,16:30:00,18:30:00,2
909,96,2025-11-13,16:30:00,18:30:00,2
910,96,2025-11-17,16:30:00,18:30:00,2
911,96,2025-11-20,16:30:00,18:30:00,2
912,96,2025-11-24,16:30:00,18:30:00,2
913,96,2025-11-27,16:30:00,18:30:00,2
914,96,2025-12-01,16:30:00,18:30:00,2
915,96,2025-12-04,16:30:00,18:30:00,2
916,96,2025-12-08,16:30:00,18:30:00,2
917,96,2025-12-11,16:30:00,18:30:00,2
918,97,2025-10-07,14:30:00,16:30:00,2
919,97,2025-10-10,14:30:00,16:30:00,2
920,97,2025-10-14,14:30:00,16:30:00,2
921,97,2025-10-17,14:30:00,16:30:00,2
922,97,2025-10-21,14:30:00,16:30:00,2
923,97,2025-10-24,14:30:00,16:30:00,2
924,97,2025-10-28,14:30:00,16:30:00,2
925,97,2025-10-31,14:30:00,16:30:00,2
926,97,2025-11-04,14:30:00,16:30:00,2
927,97,2025-11-07,14:30:00,16:30:00,2
928,97,2025-11-11,14:30:00,16:30:00,2
929,97,2025-11-14,14:30:00,16:30:00,2
930,97,2025-11-18,14:30:00,16:30:00,2
931,97,2025-11-21,14:30:00,16:30:00,2
932,97,2025-11-25,14:30:00,16:30:00,2
933,97,2025-11-28,14:30:00,16:30:00,2
934,97,2025-12-02,14:30:00,16:30:00,2
935,97,2025-12-05,14:30:00,16:30:00,2
936,97,2025-12-09,14:30:00,16:30:00,2
937,97,2025-12-12,14:30:00,16:30:00,2
938,98,2025-10-06,14:30:00,16:30:00,2
939,98,2025-10-09,14:30:00,16:30:00,2
940,98,2025-10-13,14:30:00,16:30:00,2
941,98,2025-10-16,14:30:00,16:30:00,2
942,98,2025-10-20,14:30:00,16:30:00,2
943,98,2025-10-23,14:30:00,16:30:00,2
944,98,2025-10-27,14:30:00,16:30:00,2
945,98,2025-10-30,14:30:00,16:30:00,2
946,98,2025-11-03,14:30:00,16:30:00,2
947,98,2025-11-06,14:30:00,16:30:00,2
948,98,2025-11-10,14:30:00,16:30:00,2
949,98,2025-11-13,14:30:00,16:30:00,2
950,98,2025-11-17,14:30:00,16:30:00,2
951,98,2025-11-20,14:30:00,16:30:00,2
952,98,2025-11-24,14:30:00,16:30:00,2
953,98,2025-11-27,14:30:00,16:30:00,2
954,98,2025-12-01,14:30:00,16:30:00,2
955,98,2025-12-04,14:30:00,16:30:00,2
956,98,2025-12-08,14:30:00,16:30:00,2
957,98,2025-12-11,14:30:00,16:30:00,2
958,99,2025-10-06,16:30:00,18:30:00,2
959,99,2025-10-09,16:30:00,18:30:00,2
960,99,2025-10-13,16:30:00,18:30:00,2
961,99,2025-10-16,16:30:00,18:30:00,2
962,99,2025-10-20,16:30:00,18:30:00,2
963,99,2025-10-23,16:30:00,18:30:00,2
964,99,2025-10-27,16:30:00,18:30:00,2
965,99,2025-10-30,16:30:00,18:30:00,2
966,99,2025-11-03,16:30:00,18:30:00,2
967,99,2025-11-06,16:30:00,18:30:00,2
968,99,2025-11-10,16:30:00,18:30:00,2
969,99,2025-11-13,16:30:00,18:30:00,2
970,99,2025-11-17,16:30:00,18:30:00,2
971,99,2025-11-20,16:30:00,18:30:00,2
972,99,2025-11-24,16:30:00,18:30:00,2
973,99,2025-11-27,16:30:00,18:30:00,2
974,99,2025-12-01,16:30:00,18:30:00,2
975,99,2025-12-04,16:30:00,18:30:00,2
976,99,2025-12-08,16:30:00,18:30:00,2
977,99,2025-12-11,16:30:00,18:30:00,2
978,100,2025-10-08,09:30:00,11:30:00,2
979,100,2025-10-15,09:30:00,11:30:00,2
980,100,2025-10-22,09:30:00,11:30:00,2
981,100,2025-10-29,09:30:00,11:30:00,2
982,100,2025-11-05,09:30:00,11:30:00,2
983,100,2025-11-12,09:30:00,11:30:00,2
984,100,2025-11-19,09:30:00,11:30:00,2
985,100,2025-11-26,09:30:00,11:30:00,2
986,100,2025-12-03,09:30:00,11:30:00,2
987,100,2025-12-10,09:30:00,11:30:00,2
988,101,2025-10-08,07:30:00,09:30:00,2
989,101,2025-10-15,07:30:00,09:30:00,2
990,101,2025-10-22,07:30:00,09:30:00,2
991,101,2025-10-29,07:30:00,09:30:00,2
992,101,2025-11-05,07:30:00,09:30:00,2
993,101,2025-11-12,07:30:00,09:30:00,2
994,101,2025-11-19,07:30:00,09:30:00,2
995,101,2025-11-26,07:30:00,09:30:00,2
996,101,2025-12-03,07:30:00,09:30:00,2
997,101,2025-12-10,07:30:00,09:30:00,2
998,102,2025-10-06,09:30:00,11:30:00,2
999,102,2025-10-09,09:30:00,11:30:00,2
1000,102,2025-10-13,09:30:00,11:30:00,2
1001,102,2025-10-16,09:30:00,11:30:00,2
1002,102,2025-10-20,09:30:00,11:30:00,2
1003,102,2025-10-23,09:30:00,11:30:00,2
1004,102,2025-10-27,09:30:00,11:30:00,2
1005,102,2025-10-30,09:30:00,11:30:00,2
1006,102,2025-11-03,09:30:00,11:30:00,2
1007,102,2025-11-06,09:30:00,11:30:00,2
1008,102,2025-11-10,09:30:00,11:30:00,2
1009,102,2025-11-13,09:30:00,11:30:00,2
1010,102,2025-11-17,09:30:00,11:30:00,2
1011,102,2025-11-20,09:30:00,11:30:00,2
1012,102,2025-11-24,09:30:00,11:30:00,2
1013,102,2025-11-27,09:30:00,11:30:00,2
1014,102,2025-12-01,09:30:00,11:30:00,2
1015,102,2025-12-04,09:30:00,11:30:00,2
1016,102,2025-12-08,09:30:00,11:30:00,2
1017,102,2025-12-11,09:30:00,11:30:00,2
1018,103,2025-10-06,14:30:00,16:30:00,2
1019,103,2025-10-09,14:30:00,16:30:00,2
1020,103,2025-10-13,14:30:00,16:30:00,2
1021,103,2025-10-16,14:30:00,16:30:00,2
1022,103,2025-10-20,14:30:00,16:30:00,2
1023,103,2025-10-23,14:30:00,16:30:00,2
1024,103,2025-10-27,14:30:00,16:30:00,2
1025,103,2025-10-30,14:30:00,16:30:00,2
1026,103,2025-11-03,14:30:00,16:30:00,2
1027,103,2025-11-06,14:30:00,16:30:00,2
1028,103,2025-11-10,14:30:00,16:30:00,2
1029,103,2025-11-13,14:30:00,16:30:00,2
1030,103,2025-11-17,14:30:00,16:30:00,2
1031,103,2025-11-20,14:30:00,16:30:00,2
1032,103,2025-11-24,14:30:00,16:30:00,2
1033,103,2025-11-27,14:30:00,16:30:00,2
1034,103,2025-12-01,14:30:00,16:30:00,2
1035,103,2025-12-04,14:30:00,16:30:00,2
1036,103,2025-12-08,14:30:00,16:30:00,2
1037,103,2025-12-11,14:30:00,16:30:00,2
1038,104,2025-10-06,12:30:00,14:30:00,2
1039,104,2025-10-09,12:30:00,14:30:00,2
1040,104,2025-10-13,12:30:00,14:30:00,2
1041,104,2025-10-16,12:30:00,14:30:00,2
1042,104,2025-10-20,12:30:00,14:30:00,2
1043,104,2025-10-23,12:30:00,14:30:00,2
1044,104,2025-10-27,12:30:00,14:30:00,2
1045,104,2025-10-30,12:30:00,14:30:00,2
1046,104,2025-11-03,12:30:00,14:30:00,2
1047,104,2025-11-06,12:30:00,14:30:00,2
1048,104,2025-11-10,12:30:00,14:30:00,2
1049,104,2025-11-13,12:30:00,14:30:00,2
1050,104,2025-11-17,12:30:00,14:30:00,2
1051,104,2025-11-20,12:30:00,14:30:00,2
1052,104,2025-11-24,12:30:00,14:30:00,2
1053,104,2025-11-27,12:30:00,14:30:00,2
1054,104,2025-12-01,12:30:00,14:30:00,2
1055,104,2025-12-04,12:30:00,14:30:00,2
1056,104,2025-12-08,12:30:00,14:30:00,2
1057,104,2025-12-11,12:30:00,14:30:00,2
1058,105,2025-10-07,12:30:00,14:30:00,2
1059,105,2025-10-10,12:30:00,14:30:00,2
1060,105,2025-10-14,12:30:00,14:30:00,2
1061,105,2025-10-17,12:30:00,14:30:00,2
1062,105,2025-10-21,12:30:00,14:30:00,2
1063,105,2025-10-24,12:30:00,14:30:00,2
1064,105,2025-10-28,12:30:00,14:30:00,2
1065,105,2025-10-31,12:30:00,14:30:00,2
1066,105,2025-11-04,12:30:00,14:30:00,2
1067,105,2025-11-07,12:30:00,14:30:00,2
1068,105,2025-11-11,12:30:00,14:30:00,2
1069,105,2025-11-14,12:30:00,14:30:00,2
1070,105,2025-11-18,12:30:00,14:30:00,2
1071,105,2025-11-21,12:30:00,14:30:00,2
1072,105,2025-11-25,12:30:00,14:30:00,2
1073,105,2025-11-28,12:30:00,14:30:00,2
1074,105,2025-12-02,12:30:00,14:30:00,2
1075,105,2025-12-05,12:30:00,14:30:00,2
1076,105,2025-12-09,12:30:00,14:30:00,2
1077,105,2025-12-12,12:30:00,14:30:00,2
1078,106,2025-10-06,12:30:00,14:30:00,2
1079,106,2025-10-09,12:30:00,14:30:00,2
1080,106,2025-10-13,12:30:00,14:30:00,2
1081,106,2025-10-16,12:30:00,14:30:00,2
1082,106,2025-10-20,12:30:00,14:30:00,2
1083,106,2025-10-23,12:30:00,14:30:00,2
1084,106,2025-10-27,12:30:00,14:30:00,2
1085,106,2025-10-30,12:30:00,14:30:00,2
1086,106,2025-11-03,12:30:00,14:30:00,2
1087,106,2025-11-06,12:30:00,14:30:00,2
1088,106,2025-11-10,12:30:00,14:30:00,2
1089,106,2025-11-13,12:30:00,14:30:00,2
1090,106,2025-11-17,12:30:00,14:30:00,2
1091,106,2025-11-20,12:30:00,14:30:00,2
1092,106,2025-11-24,12:30:00,14:30:00,2
1093,106,2025-11-27,12:30:00,14:30:00,2
1094,106,2025-12-01,12:30:00,14:30:00,2
1095,106,2025-12-04,12:30:00,14:30:00,2
1096,106,2025-12-08,12:30:00,14:30:00,2
1097,106,2025-12-11,12:30:00,14:30:00,2
1098,107,2025-10-07,07:30:00,09:30:00,2
1099,107,2025-10-10,07:30:00,09:30:00,2
1100,107,2025-10-14,07:30:00,09:30:00,2
1101,107,2025-10-17,07:30:00,09:30:00,2
1102,107,2025-10-21,07:30:00,09:30:00,2
1103,107,2025-10-24,07:30:00,09:30:00,2
1104,107,2025-10-28,07:30:00,09:30:00,2
1105,107,2025-10-31,07:30:00,09:30:00,2
1106,107,2025-11-04,07:30:00,09:30:00,2
1107,107,2025-11-07,07:30:00,09:30:00,2
1108,107,2025-11-11,07:30:00,09:30:00,2
1109,107,2025-11-14,07:30:00,09:30:00,2
1110,107,2025-11-18,07:30:00,09:30:00,2
1111,107,2025-11-21,07:30:00,09:30:00,2
1112,107,2025-11-25,07:30:00,09:30:00,2
1113,107,2025-11-28,07:30:00,09:30:00,2
1114,107,2025-12-02,07:30:00,09:30:00,2
1115,107,2025-12-05,07:30:00,09:30:00,2
1116,107,2025-12-09,07:30:00,09:30:00,2
1117,107,2025-12-12,07:30:00,09:30:00,2
1118,108,2025-10-06,14:30:00,16:30:00,2
1119,108,2025-10-09,14:30:00,16:30:00,2
1120,108,2025-10-13,14:30:00,16:30:00,2
1121,108,2025-10-16,14:30:00,16:30:00,2
1122,108,2025-10-20,14:30:00,16:30:00,2
1123,108,2025-10-23,14:30:00,16:30:00,2
1124,108,2025-10-27,14:30:00,16:30:00,2
1125,108,2025-10-30,14:30:00,16:30:00,2
1126,108,2025-11-03,14:30:00,16:30:00,2
1127,108,2025-11-06,14:30:00,16:30:00,2
1128,109,2025-11-10,14:30:00,16:30:00,2
1129,109,2025-11-13,14:30:00,16:30:00,2
1130,109,2025-11-17,14:30:00,16:30:00,2
1131,109,2025-11-20,14:30:00,16:30:00,2
1132,109,2025-11-24,14:30:00,16:30:00,2
1133,109,2025-11-27,14:30:00,16:30:00,2
1134,109,2025-12-01,14:30:00,16:30:00,2
1135,109,2025-12-04,14:30:00,16:30:00,2
1136,109,2025-12-08,14:30:00,16:30:00,2
1137,109,2025-12-11,14:30:00,16:30:00,2
1138,110,2025-10-07,09:30:00,11:30:00,2
1139,110,2025-10-10,09:30:00,11:30:00,2
1140,110,2025-10-14,09:30:00,11:30:00,2
1141,110,2025-10-17,09:30:00,11:30:00,2
1142,110,2025-10-21,09:30:00,11:30:00,2
1143,110,2025-10-24,09:30:00,11:30:00,2
1144,110,2025-10-28,09:30:00,11:30:00,2
1145,110,2025-10-31,09:30:00,11:30:00,2
1146,110,2025-11-04,09:30:00,11:30:00,2
1147,110,2025-11-07,09:30:00,11:30:00,2
1148,110,2025-11-11,09:30:00,11:30:00,2
1149,110,2025-11-14,09:30:00,11:30:00,2
1150,110,2025-11-18,09:30:00,11:30:00,2
1151,110,2025-11-21,09:30:00,11:30:00,2
1152,110,2025-11-25,09:30:00,11:30:00,2
1153,110,2025-11-28,09:30:00,11:30:00,2
1154,110,2025-12-02,09:30:00,11:30:00,2
1155,110,2025-12-05,09:30:00,11:30:00,2
1156,110,2025-12-09,09:30:00,11:30:00,2
1157,110,2025-12-12,09:30:00,11:30:00,2
1158,111,2025-10-07,07:30:00,09:30:00,2
1159,111,2025-10-10,07:30:00,09:30:00,2
1160,111,2025-10-14,07:30:00,09:30:00,2
1161,111,2025-10-17,07:30:00,09:30:00,2
1162,111,2025-10-21,07:30:00,09:30:00,2
1163,111,2025-10-24,07:30:00,09:30:00,2
1164,111,2025-10-28,07:30:00,09:30:00,2
1165,111,2025-10-31,07:30:00,09:30:00,2
1166,111,2025-11-04,07:30:00,09:30:00,2
1167,111,2025-11-07,07:30:00,09:30:00,2
1168,111,2025-11-11,07:30:00,09:30:00,2
1169,111,2025-11-14,07:30:00,09:30:00,2
1170,111,2025-11-18,07:30:00,09:30:00,2
1171,111,2025-11-21,07:30:00,09:30:00,2
1172,111,2025-11-25,07:30:00,09:30:00,2
1173,111,2025-11-28,07:30:00,09:30:00,2
1174,111,2025-12-02,07:30:00,09:30:00,2
1175,111,2025-12-05,07:30:00,09:30:00,2
1176,111,2025-12-09,07:30:00,09:30:00,2
1177,111,2025-12-12,07:30:00,09:30:00,2
1178,112,2025-10-07,14:30:00,16:30:00,2
1179,112,2025-10-10,14:30:00,16:30:00,2
1180,112,2025-10-14,14:30:00,16:30:00,2
1181,112,2025-10-17,14:30:00,16:30:00,2
1182,112,2025-10-21,14:30:00,16:30:00,2
1183,112,2025-10-24,14:30:00,16:30:00,2
1184,112,2025-10-28,14:30:00,16:30:00,2
1185,112,2025-10-31,14:30:00,16:30:00,2
1186,112,2025-11-04,14:30:00,16:30:00,2
1187,112,2025-11-07,14:30:00,16:30:00,2
1188,112,2025-11-11,14:30:00,16:30:00,2
1189,112,2025-11-14,14:30:00,16:30:00,2
1190,112,2025-11-18,14:30:00,16:30:00,2
1191,112,2025-11-21,14:30:00,16:30:00,2
1192,112,2025-11-25,14:30:00,16:30:00,2
1193,112,2025-11-28,14:30:00,16:30:00,2
1194,112,2025-12-02,14:30:00,16:30:00,2
1195,112,2025-12-05,14:30:00,16:30:00,2
1196,112,2025-12-09,14:30:00,16:30:00,2
1197,112,2025-12-12,14:30:00,16:30:00,2
1198,113,2025-10-07,12:30:00,14:30:00,2
1199,113,2025-10-10,12:30:00,14:30:00,2
1200,113,2025-10-14,12:30:00,14:30:00,2
1201,113,2025-10-17,12:30:00,14:30:00,2
1202,113,2025-10-21,12:30:00,14:30:00,2
1203,113,2025-10-24,12:30:00,14:30:00,2
1204,113,2025-10-28,12:30:00,14:30:00,2
1205,113,2025-10-31,12:30:00,14:30:00,2
1206,113,2025-11-04,12:30:00,14:30:00,2
1207,113,2025-11-07,12:30:00,14:30:00,2
1208,113,2025-11-11,12:30:00,14:30:00,2
1209,113,2025-11-14,12:30:00,14:30:00,2
1210,113,2025-11-18,12:30:00,14:30:00,2
1211,113,2025-11-21,12:30:00,14:30:00,2
1212,113,2025-11-25,12:30:00,14:30:00,2
1213,113,2025-11-28,12:30:00,14:30:00,2
1214,113,2025-12-02,12:30:00,14:30:00,2
1215,113,2025-12-05,12:30:00,14:30:00,2
1216,113,2025-12-09,12:30:00,14:30:00,2
1217,113,2025-12-12,12:30:00,14:30:00,2
1218,114,2025-10-07,07:30:00,09:30:00,2
1219,114,2025-10-10,07:30:00,09:30:00,2
1220,114,2025-10-14,07:30:00,09:30:00,2
1221,114,2025-10-17,07:30:00,09:30:00,2
1222,114,2025-10-21,07:30:00,09:30:00,2
1223,114,2025-10-24,07:30:00,09:30:00,2
1224,114,2025-10-28,07:30:00,09:30:00,2
1225,114,2025-10-31,07:30:00,09:30:00,2
1226,114,2025-11-04,07:30:00,09:30:00,2
1227,114,2025-11-07,07:30:00,09:30:00,2
1228,114,2025-11-11,07:30:00,09:30:00,2
1229,114,2025-11-14,07:30:00,09:30:00,2
1230,114,2025-11-18,07:30:00,09:30:00,2
1231,114,2025-11-21,07:30:00,09:30:00,2
1232,114,2025-11-25,07:30:00,09:30:00,2
1233,114,2025-11-28,07:30:00,09:30:00,2
1234,114,2025-12-02,07:30:00,09:30:00,2
1235,114,2025-12-05,07:30:00,09:30:00,2
1236,114,2025-12-09,07:30:00,09:30:00,2
1237,114,2025-12-12,07:30:00,09:30:00,2
1238,115,2025-10-06,12:30:00,14:30:00,2
1239,115,2025-10-09,12:30:00,14:30:00,2
1240,115,2025-10-13,12:30:00,14:30:00,2
1241,115,2025-10-16,12:30:00,14:30:00,2
1242,115,2025-10-20,12:30:00,14:30:00,2
1243,115,2025-10-23,12:30:00,14:30:00,2
1244,115,2025-10-27,12:30:00,14:30:00,2
1245,115,2025-10-30,12:30:00,14:30:00,2
1246,115,2025-11-03,12:30:00,14:30:00,2
1247,115,2025-11-06,12:30:00,14:30:00,2
1248,115,2025-11-10,12:30:00,14:30:00,2
1249,115,2025-11-13,12:30:00,14:30:00,2
1250,115,2025-11-17,12:30:00,14:30:00,2
1251,115,2025-11-20,12:30:00,14:30:00,2
1252,115,2025-11-24,12:30:00,14:30:00,2
1253,115,2025-11-27,12:30:00,14:30:00,2
1254,115,2025-12-01,12:30:00,14:30:00,2
1255,115,2025-12-04,12:30:00,14:30:00,2
1256,115,2025-12-08,12:30:00,14:30:00,2
1257,115,2025-12-11,12:30:00,14:30:00,2
1258,116,2025-10-06,07:30:00,09:30:00,2
1259,116,2025-10-09,07:30:00,09:30:00,2
1260,116,2025-10-13,07:30:00,09:30:00,2
1261,116,2025-10-16,07:30:00,09:30:00,2
1262,116,2025-10-20,07:30:00,09:30:00,2
1263,116,2025-10-23,07:30:00,09:30:00,2
1264,116,2025-10-27,07:30:00,09:30:00,2
1265,116,2025-10-30,07:30:00,09:30:00,2
1266,116,2025-11-03,07:30:00,09:30:00,2
1267,116,2025-11-06,07:30:00,09:30:00,2
1268,116,2025-11-10,07:30:00,09:30:00,2
1269,116,2025-11-13,07:30:00,09:30:00,2
1270,116,2025-11-17,07:30:00,09:30:00,2
1271,116,2025-11-20,07:30:00,09:30:00,2
1272,116,2025-11-24,07:30:00,09:30:00,2
1273,116,2025-11-27,07:30:00,09:30:00,2
1274,116,2025-12-01,07:30:00,09:30:00,2
1275,116,2025-12-04,07:30:00,09:30:00,2
1276,116,2025-12-08,07:30:00,09:30:00,2
1277,116,2025-12-11,07:30:00,09:30:00,2
1278,117,2025-10-07,09:30:00,11:30:00,2
1279,117,2025-10-10,09:30:00,11:30:00,2
1280,117,2025-10-14,09:30:00,11:30:00,2
1281,117,2025-10-17,09:30:00,11:30:00,2
1282,117,2025-10-21,09:30:00,11:30:00,2
1283,117,2025-10-24,09:30:00,11:30:00,2
1284,117,2025-10-28,09:30:00,11:30:00,2
1285,117,2025-10-31,09:30:00,11:30:00,2
1286,117,2025-11-04,09:30:00,11:30:00,2
1287,117,2025-11-07,09:30:00,11:30:00,2
1288,117,2025-11-11,09:30:00,11:30:00,2
1289,117,2025-11-14,09:30:00,11:30:00,2
1290,117,2025-11-18,09:30:00,11:30:00,2
1291,117,2025-11-21,09:30:00,11:30:00,2
1292,117,2025-11-25,09:30:00,11:30:00,2
1293,117,2025-11-28,09:30:00,11:30:00,2
1294,117,2025-12-02,09:30:00,11:30:00,2
1295,117,2025-12-05,09:30:00,11:30:00,2
1296,117,2025-12-09,09:30:00,11:30:00,2
1297,117,2025-12-12,09:30:00,11:30:00,2
1298,118,2025-10-07,07:30:00,09:30:00,2
1299,118,2025-10-10,07:30:00,09:30:00,2
1300,118,2025-10-14,07:30:00,09:30:00,2
1301,118,2025-10-17,07:30:00,09:30:00,2
1302,118,2025-10-21,07:30:00,09:30:00,2
1303,118,2025-10-24,07:30:00,09:30:00,2
1304,118,2025-10-28,07:30:00,09:30:00,2
1305,118,2025-10-31,07:30:00,09:30:00,2
1306,118,2025-11-04,07:30:00,09:30:00,2
1307,118,2025-11-07,07:30:00,09:30:00,2
1308,118,2025-11-11,07:30:00,09:30:00,2
1309,118,2025-11-14,07:30:00,09:30:00,2
1310,118,2025-11-18,07:30:00,09:30:00,2
1311,118,2025-11-21,07:30:00,09:30:00,2
1312,118,2025-11-25,07:30:00,09:30:00,2
1313,118,2025-11-28,07:30:00,09:30:00,2
1314,118,2025-12-02,07:30:00,09:30:00,2
1315,118,2025-12-05,07:30:00,09:30:00,2
1316,118,2025-12-09,07:30:00,09:30:00,2
1317,118,2025-12-12,07:30:00,09:30:00,2
1318,119,2025-10-07,09:30:00,11:30:00,2
1319,119,2025-10-10,09:30:00,11:30:00,2
1320,119,2025-10-14,09:30:00,11:30:00,2
1321,119,2025-10-17,09:30:00,11:30:00,2
1322,119,2025-10-21,09:30:00,11:30:00,2
1323,119,2025-10-24,09:30:00,11:30:00,2
1324,119,2025-10-28,09:30:00,11:30:00,2
1325,119,2025-10-31,09:30:00,11:30:00,2
1326,119,2025-11-04,09:30:00,11:30:00,2
1327,119,2025-11-07,09:30:00,11:30:00,2
1328,119,2025-11-11,09:30:00,11:30:00,2
1329,119,2025-11-14,09:30:00,11:30:00,2
1330,119,2025-11-18,09:30:00,11:30:00,2
1331,119,2025-11-21,09:30:00,11:30:00,2
1332,119,2025-11-25,09:30:00,11:30:00,2
1333,119,2025-11-28,09:30:00,11:30:00,2
1334,119,2025-12-02,09:30:00,11:30:00,2
1335,119,2025-12-05,09:30:00,11:30:00,2
1336,119,2025-12-09,09:30:00,11:30:00,2
1337,119,2025-12-12,09:30:00,11:30:00,2
1338,120,2025-10-07,09:30:00,11:30:00,2
1339,120,2025-10-10,09:30:00,11:30:00,2
1340,120,2025-10-14,09:30:00,11:30:00,2
1341,120,2025-10-17,09:30:00,11:30:00,2
1342,120,2025-10-21,09:30:00,11:30:00,2
1343,120,2025-10-24,09:30:00,11:30:00,2
1344,120,2025-10-28,09:30:00,11:30:00,2
1345,120,2025-10-31,09:30:00,11:30:00,2
1346,120,2025-11-04,09:30:00,11:30:00,2
1347,120,2025-11-07,09:30:00,11:30:00,2
1348,121,2025-11-11,09:30:00,11:30:00,2
1349,121,2025-11-14,09:30:00,11:30:00,2
1350,121,2025-11-18,09:30:00,11:30:00,2
1351,121,2025-11-21,09:30:00,11:30:00,2
1352,121,2025-11-25,09:30:00,11:30:00,2
1353,121,2025-11-28,09:30:00,11:30:00,2
1354,121,2025-12-02,09:30:00,11:30:00,2
1355,121,2025-12-05,09:30:00,11:30:00,2
1356,121,2025-12-09,09:30:00,11:30:00,2
1357,121,2025-12-12,09:30:00,11:30:00,2
1358,122,2025-10-06,07:30:00,09:30:00,2
1359,122,2025-10-09,07:30:00,09:30:00,2
1360,122,2025-10-13,07:30:00,09:30:00,2
1361,122,2025-10-16,07:30:00,09:30:00,2
1362,122,2025-10-20,07:30:00,09:30:00,2
1363,122,2025-10-23,07:30:00,09:30:00,2
1364,122,2025-10-27,07:30:00,09:30:00,2
1365,122,2025-10-30,07:30:00,09:30:00,2
1366,122,2025-11-03,07:30:00,09:30:00,2
1367,122,2025-11-06,07:30:00,09:30:00,2
1368,123,2025-11-10,07:30:00,09:30:00,2
1369,123,2025-11-13,07:30:00,09:30:00,2
1370,123,2025-11-17,07:30:00,09:30:00,2
1371,123,2025-11-20,07:30:00,09:30:00,2
1372,123,2025-11-24,07:30:00,09:30:00,2
1373,123,2025-11-27,07:30:00,09:30:00,2
1374,123,2025-12-01,07:30:00,09:30:00,2
1375,123,2025-12-04,07:30:00,09:30:00,2
1376,123,2025-12-08,07:30:00,09:30:00,2
1377,123,2025-12-11,07:30:00,09:30:00,2
1378,124,2025-10-06,09:30:00,11:30:00,2
1379,124,2025-10-09,09:30:00,11:30:00,2
1380,124,2025-10-13,09:30:00,11:30:00,2
1381,124,2025-10-16,09:30:00,11:30:00,2
1382,124,2025-10-20,09:30:00,11:30:00,2
1383,124,2025-10-23,09:30:00,11:30:00,2
1384,124,2025-10-27,09:30:00,11:30:00,2
1385,124,2025-10-30,09:30:00,11:30:00,2
1386,124,2025-11-03,09:30:00,11:30:00,2
1387,124,2025-11-06,09:30:00,11:30:00,2
1388,124,2025-11-10,09:30:00,11:30:00,2
1389,124,2025-11-13,09:30:00,11:30:00,2
1390,124,2025-11-17,09:30:00,11:30:00,2
1391,124,2025-11-20,09:30:00,11:30:00,2
1392,124,2025-11-24,09:30:00,11:30:00,2
1393,124,2025-11-27,09:30:00,11:30:00,2
1394,124,2025-12-01,09:30:00,11:30:00,2
1395,124,2025-12-04,09:30:00,11:30:00,2
1396,124,2025-12-08,09:30:00,11:30:00,2
1397,124,2025-12-11,09:30:00,11:30:00,2
1398,125,2025-10-07,12:30:00,14:30:00,2
1399,125,2025-10-10,12:30:00,14:30:00,2
1400,125,2025-10-14,12:30:00,14:30:00,2
1401,125,2025-10-17,12:30:00,14:30:00,2
1402,125,2025-10-21,12:30:00,14:30:00,2
1403,125,2025-10-24,12:30:00,14:30:00,2
1404,125,2025-10-28,12:30:00,14:30:00,2
1405,125,2025-10-31,12:30:00,14:30:00,2
1406,125,2025-11-04,12:30:00,14:30:00,2
1407,125,2025-11-07,12:30:00,14:30:00,2
1408,125,2025-11-11,12:30:00,14:30:00,2
1409,125,2025-11-14,12:30:00,14:30:00,2
1410,125,2025-11-18,12:30:00,14:30:00,2
1411,125,2025-11-21,12:30:00,14:30:00,2
1412,125,2025-11-25,12:30:00,14:30:00,2
1413,125,2025-11-28,12:30:00,14:30:00,2
1414,125,2025-12-02,12:30:00,14:30:00,2
1415,125,2025-12-05,12:30:00,14:30:00,2
1416,125,2025-12-09,12:30:00,14:30:00,2
1417,125,2025-12-12,12:30:00,14:30:00,2
1418,126,2025-10-06,12:30:00,14:30:00,2
1419,126,2025-10-09,12:30:00,14:30:00,2
1420,126,2025-10-13,12:30:00,14:30:00,2
1421,126,2025-10-16,12:30:00,14:30:00,2
1422,126,2025-10-20,12:30:00,14:30:00,2
1423,126,2025-10-23,12:30:00,14:30:00,2
1424,126,2025-10-27,12:30:00,14:30:00,2
1425,126,2025-10-30,12:30:00,14:30:00,2
1426,126,2025-11-03,12:30:00,14:30:00,2
1427,126,2025-11-06,12:30:00,14:30:00,2
1428,127,2025-11-10,12:30:00,14:30:00,2
1429,127,2025-11-13,12:30:00,14:30:00,2
1430,127,2025-11-17,12:30:00,14:30:00,2
1431,127,2025-11-20,12:30:00,14:30:00,2
1432,127,2025-11-24,12:30:00,14:30:00,2
1433,127,2025-11-27,12:30:00,14:30:00,2
1434,127,2025-12-01,12:30:00,14:30:00,2
1435,127,2025-12-04,12:30:00,14:30:00,2
1436,127,2025-12-08,12:30:00,14:30:00,2
1437,127,2025-12-11,12:30:00,14:30:00,2
1438,128,2025-11-14,09:30:00,11:30:00,2
1439,128,2025-11-21,09:30:00,11:30:00,2
1440,128,2025-11-28,09:30:00,11:30:00,2
1441,128,2025-12-05,09:30:00,11:30:00,2
1442,128,2025-12-12,09:30:00,11:30:00,2
1443,129,2025-10-10,09:30:00,11:30:00,2
1444,129,2025-10-17,09:30:00,11:30:00,2
1445,129,2025-10-24,09:30:00,11:30:00,2
1446,129,2025-10-31,09:30:00,11:30:00,2
1447,129,2025-11-07,09:30:00,11:30:00,2
1448,130,2025-11-11,09:30:00,11:30:00,2
1449,130,2025-11-18,09:30:00,11:30:00,2
1450,130,2025-11-25,09:30:00,11:30:00,2
1451,130,2025-12-02,09:30:00,11:30:00,2
1452,130,2025-12-09,09:30:00,11:30:00,2
1453,131,2025-10-07,09:30:00,11:30:00,2
1454,131,2025-10-14,09:30:00,11:30:00,2
1455,131,2025-10-21,09:30:00,11:30:00,2
1456,131,2025-10-28,09:30:00,11:30:00,2
1457,131,2025-11-04,09:30:00,11:30:00,2
1458,132,2025-11-11,14:30:00,16:30:00,2
1459,132,2025-11-14,14:30:00,16:30:00,2
1460,132,2025-11-18,14:30:00,16:30:00,2
1461,132,2025-11-21,14:30:00,16:30:00,2
1462,132,2025-11-25,14:30:00,16:30:00,2
1463,132,2025-11-28,14:30:00,16:30:00,2
1464,132,2025-12-02,14:30:00,16:30:00,2
1465,132,2025-12-05,14:30:00,16:30:00,2
1466,132,2025-12-09,14:30:00,16:30:00,2
1467,132,2025-12-12,14:30:00,16:30:00,2
1468,133,2025-10-07,14:30:00,16:30:00,2
1469,133,2025-10-10,14:30:00,16:30:00,2
1470,133,2025-10-14,14:30:00,16:30:00,2
1471,133,2025-10-17,14:30:00,16:30:00,2
1472,133,2025-10-21,14:30:00,16:30:00,2
1473,133,2025-10-24,14:30:00,16:30:00,2
1474,133,2025-10-28,14:30:00,16:30:00,2
1475,133,2025-10-31,14:30:00,16:30:00,2
1476,133,2025-11-04,14:30:00,16:30:00,2
1477,133,2025-11-07,14:30:00,16:30:00,2
1478,134,2025-11-26,08:30:00,11:30:00,3
1479,134,2025-12-03,08:30:00,11:30:00,3
1480,134,2025-12-10,08:30:00,11:30:00,3
1481,135,2025-10-08,08:30:00,11:30:00,3
1482,135,2025-10-15,08:30:00,11:30:00,3
1483,135,2025-10-22,08:30:00,11:30:00,3
1484,135,2025-10-29,08:30:00,11:30:00,3
1485,135,2025-11-05,08:30:00,11:30:00,3
1486,135,2025-11-12,08:30:00,11:30:00,3
1487,135,2025-11-19,08:30:00,11:30:00,3
1488,136,2025-10-07,12:30:00,14:30:00,2
1489,136,2025-10-10,12:30:00,14:30:00,2
1490,136,2025-10-21,12:30:00,14:30:00,2
1491,136,2025-10-24,12:30:00,14:30:00,2
1492,137,2025-10-14,12:30:00,14:30:00,2
1493,137,2025-10-17,12:30:00,14:30:00,2
1494,137,2025-10-28,12:30:00,14:30:00,2
1495,137,2025-10-31,12:30:00,14:30:00,2
1496,137,2025-11-04,12:30:00,14:30:00,2
1497,137,2025-11-07,12:30:00,14:30:00,2
1498,137,2025-11-11,12:30:00,14:30:00,2
1499,137,2025-11-14,12:30:00,14:30:00,2
1500,137,2025-11-18,12:30:00,14:30:00,2
1501,137,2025-11-21,12:30:00,14:30:00,2
1502,137,2025-11-25,12:30:00,14:30:00,2
1503,137,2025-11-28,12:30:00,14:30:00,2
1504,137,2025-12-02,12:30:00,14:30:00,2
1505,137,2025-12-05,12:30:00,14:30:00,2
1506,137,2025-12-09,12:30:00,14:30:00,2
1507,137,2025-12-12,12:30:00,14:30:00,2
1508,138,2025-10-27,09:30:00,11:30:00,2
1509,138,2025-10-30,09:30:00,11:30:00,2
1510,138,2025-11-10,09:30:00,11:30:00,2
1511,138,2025-11-13,09:30:00,11:30:00,2
1512,139,2025-10-06,09:30:00,11:30:00,2
1513,139,2025-10-09,09:30:00,11:30:00,2
1514,139,2025-10-13,09:30:00,11:30:00,2
1515,139,2025-10-16,09:30:00,11:30:00,2
1516,139,2025-10-20,09:30:00,11:30:00,2
1517,139,2025-10-23,09:30:00,11:30:00,2
1518,139,2025-11-03,09:30:00,11:30:00,2
1519,139,2025-11-06,09:30:00,11:30:00,2
1520,139,2025-11-17,09:30:00,11:30:00,2
1521,139,2025-11-20,09:30:00,11:30:00,2
1522,139,2025-11-24,09:30:00,11:30:00,2
1523,139,2025-11-27,09:30:00,11:30:00,2
1524,139,2025-12-01,09:30:00,11:30:00,2
1525,139,2025-12-04,09:30:00,11:30:00,2
1526,139,2025-12-08,09:30:00,11:30:00,2
1527,139,2025-12-11,09:30:00,11:30:00,2
1528,140,2025-11-18,14:30:00,16:30:00,2
1529,140,2025-11-21,14:30:00,16:30:00,2
1530,140,2025-12-02,14:30:00,16:30:00,2
1531,140,2025-12-05,14:30:00,16:30:00,2
1532,141,2025-10-07,14:30:00,16:30:00,2
1533,141,2025-10-10,14:30:00,16:30:00,2
1534,141,2025-10-14,14:30:00,16:30:00,2
1535,141,2025-10-17,14:30:00,16:30:00,2
1536,141,2025-10-21,14:30:00,16:30:00,2
1537,141,2025-10-24,14:30:00,16:30:00,2
1538,141,2025-10-28,14:30:00,16:30:00,2
1539,141,2025-10-31,14:30:00,16:30:00,2
1540,141,2025-11-04,14:30:00,16:30:00,2
1541,141,2025-11-07,14:30:00,16:30:00,2
1542,141,2025-11-11,14:30:00,16:30:00,2
1543,141,2025-11-14,14:30:00,16:30:00,2
1544,141,2025-11-25,14:30:00,16:30:00,2
1545,141,2025-11-28,14:30:00,16:30:00,2
1546,141,2025-12-09,14:30:00,16:30:00,2
1547,141,2025-12-12,14:30:00,16:30:00,2
1548,142,2025-10-06,14:30:00,16:30:00,2
1549,142,2025-10-09,14:30:00,16:30:00,2
1550,142,2025-10-13,14:30:00,16:30:00,2
1551,142,2025-10-16,14:30:00,16:30:00,2
1552,142,2025-10-20,14:30:00,16:30:00,2
1553,142,2025-10-23,14:30:00,16:30:00,2
1554,142,2025-10-27,14:30:00,16:30:00,2
1555,142,2025-10-30,14:30:00,16:30:00,2
1556,142,2025-11-03,14:30:00,16:30:00,2
1557,142,2025-11-06,14:30:00,16:30:00,2
1558,142,2025-11-10,14:30:00,16:30:00,2
1559,142,2025-11-13,14:30:00,16:30:00,2
1560,142,2025-11-17,14:30:00,16:30:00,2
1561,142,2025-11-20,14:30:00,16:30:00,2
1562,142,2025-11-24,14:30:00,16:30:00,2
1563,142,2025-11-27,14:30:00,16:30:00,2
1564,142,2025-12-01,14:30:00,16:30:00,2
1565,142,2025-12-04,14:30:00,16:30:00,2
1566,142,2025-12-08,14:30:00,16:30:00,2
1567,142,2025-12-11,14:30:00,16:30:00,2
1568,143,2025-10-07,12:30:00,14:30:00,2
1569,143,2025-10-10,12:30:00,14:30:00,2
1570,143,2025-10-14,12:30:00,14:30:00,2
1571,143,2025-10-17,12:30:00,14:30:00,2
1572,143,2025-10-21,12:30:00,14:30:00,2
1573,143,2025-10-24,12:30:00,14:30:00,2
1574,143,2025-10-28,12:30:00,14:30:00,2
1575,143,2025-10-31,12:30:00,14:30:00,2
1576,143,2025-11-04,12:30:00,14:30:00,2
1577,143,2025-11-07,12:30:00,14:30:00,2
1578,143,2025-11-11,12:30:00,14:30:00,2
1579,143,2025-11-14,12:30:00,14:30:00,2
1580,143,2025-11-18,12:30:00,14:30:00,2
1581,143,2025-11-21,12:30:00,14:30:00,2
1582,143,2025-11-25,12:30:00,14:30:00,2
1583,143,2025-11-28,12:30:00,14:30:00,2
1584,143,2025-12-02,12:30:00,14:30:00,2
1585,143,2025-12-05,12:30:00,14:30:00,2
1586,143,2025-12-09,12:30:00,14:30:00,2
1587,143,2025-12-12,12:30:00,14:30:00,2
1588,144,2025-10-07,14:30:00,16:30:00,2
1589,144,2025-10-10,14:30:00,16:30:00,2
1590,144,2025-10-14,14:30:00,16:30:00,2
1591,144,2025-10-17,14:30:00,16:30:00,2
1592,144,2025-10-21,14:30:00,16:30:00,2
1593,144,2025-10-24,14:30:00,16:30:00,2
1594,144,2025-10-28,14:30:00,16:30:00,2
1595,144,2025-10-31,14:30:00,16:30:00,2
1596,144,2025-11-04,14:30:00,16:30:00,2
1597,144,2025-11-07,14:30:00,16:30:00,2
1598,144,2025-11-11,14:30:00,16:30:00,2
1599,144,2025-11-14,14:30:00,16:30:00,2
1600,144,2025-11-18,14:30:00,16:30:00,2
1601,144,2025-11-21,14:30:00,16:30:00,2
1602,144,2025-11-25,14:30:00,16:30:00,2
1603,144,2025-11-28,14:30:00,16:30:00,2
1604,144,2025-12-02,14:30:00,16:30:00,2
1605,144,2025-12-05,14:30:00,16:30:00,2
1606,144,2025-12-09,14:30:00,16:30:00,2
1607,144,2025-12-12,14:30:00,16:30:00,2
1608,145,2025-10-06,09:30:00,11:30:00,2
1609,145,2025-10-09,09:30:00,11:30:00,2
1610,145,2025-10-13,09:30:00,11:30:00,2
1611,145,2025-10-16,09:30:00,11:30:00,2
1612,145,2025-10-20,09:30:00,11:30:00,2
1613,145,2025-10-23,09:30:00,11:30:00,2
1614,145,2025-10-27,09:30:00,11:30:00,2
1615,145,2025-10-30,09:30:00,11:30:00,2
1616,145,2025-11-03,09:30:00,11:30:00,2
1617,145,2025-11-06,09:30:00,11:30:00,2
1618,145,2025-11-10,09:30:00,11:30:00,2
1619,145,2025-11-13,09:30:00,11:30:00,2
1620,145,2025-11-17,09:30:00,11:30:00,2
1621,145,2025-11-20,09:30:00,11:30:00,2
1622,145,2025-11-24,09:30:00,11:30:00,2
1623,145,2025-11-27,09:30:00,11:30:00,2
1624,145,2025-12-01,09:30:00,11:30:00,2
1625,145,2025-12-04,09:30:00,11:30:00,2
1626,145,2025-12-08,09:30:00,11:30:00,2
1627,145,2025-12-11,09:30:00,11:30:00,2
1628,146,2025-10-07,09:30:00,11:30:00,2
1629,146,2025-10-10,09:30:00,11:30:00,2
1630,146,2025-10-14,09:30:00,11:30:00,2
1631,146,2025-10-17,09:30:00,11:30:00,2
1632,146,2025-10-21,09:30:00,11:30:00,2
1633,146,2025-10-24,09:30:00,11:30:00,2
1634,146,2025-10-28,09:30:00,11:30:00,2
1635,146,2025-10-31,09:30:00,11:30:00,2
1636,146,2025-11-04,09:30:00,11:30:00,2
1637,146,2025-11-07,09:30:00,11:30:00,2
1638,146,2025-11-11,09:30:00,11:30:00,2
1639,146,2025-11-14,09:30:00,11:30:00,2
1640,146,2025-11-18,09:30:00,11:30:00,2
1641,146,2025-11-21,09:30:00,11:30:00,2
1642,146,2025-11-25,09:30:00,11:30:00,2
1643,146,2025-11-28,09:30:00,11:30:00,2
1644,146,2025-12-02,09:30:00,11:30:00,2
1645,146,2025-12-05,09:30:00,11:30:00,2
1646,146,2025-12-09,09:30:00,11:30:00,2
1647,146,2025-12-12,09:30:00,11:30:00,2
1648,147,2025-10-07,07:30:00,09:30:00,2
1649,147,2025-10-10,07:30:00,09:30:00,2
1650,147,2025-10-14,07:30:00,09:30:00,2
1651,147,2025-10-17,07:30:00,09:30:00,2
1652,147,2025-10-21,07:30:00,09:30:00,2
1653,147,2025-10-24,07:30:00,09:30:00,2
1654,147,2025-10-28,07:30:00,09:30:00,2
1655,147,2025-10-31,07:30:00,09:30:00,2
1656,147,2025-11-04,07:30:00,09:30:00,2
1657,147,2025-11-07,07:30:00,09:30:00,2
1658,147,2025-11-11,07:30:00,09:30:00,2
1659,147,2025-11-14,07:30:00,09:30:00,2
1660,147,2025-11-18,07:30:00,09:30:00,2
1661,147,2025-11-21,07:30:00,09:30:00,2
1662,147,2025-11-25,07:30:00,09:30:00,2
1663,147,2025-11-28,07:30:00,09:30:00,2
1664,147,2025-12-02,07:30:00,09:30:00,2
1665,147,2025-12-05,07:30:00,09:30:00,2
1666,147,2025-12-09,07:30:00,09:30:00,2
1667,147,2025-12-12,07:30:00,09:30:00,2
1668,148,2025-10-06,07:30:00,09:30:00,2
1669,148,2025-10-09,07:30:00,09:30:00,2
1670,148,2025-10-13,07:30:00,09:30:00,2
1671,148,2025-10-16,07:30:00,09:30:00,2
1672,148,2025-10-20,07:30:00,09:30:00,2
1673,148,2025-10-23,07:30:00,09:30:00,2
1674,148,2025-10-27,07:30:00,09:30:00,2
1675,148,2025-10-30,07:30:00,09:30:00,2
1676,148,2025-11-03,07:30:00,09:30:00,2
1677,148,2025-11-06,07:30:00,09:30:00,2
1678,148,2025-11-10,07:30:00,09:30:00,2
1679,148,2025-11-13,07:30:00,09:30:00,2
1680,148,2025-11-17,07:30:00,09:30:00,2
1681,148,2025-11-20,07:30:00,09:30:00,2
1682,148,2025-11-24,07:30:00,09:30:00,2
1683,148,2025-11-27,07:30:00,09:30:00,2
1684,148,2025-12-01,07:30:00,09:30:00,2
1685,148,2025-12-04,07:30:00,09:30:00,2
1686,148,2025-12-08,07:30:00,09:30:00,2
1687,148,2025-12-11,07:30:00,09:30:00,2
1688,149,2025-10-06,07:30:00,09:30:00,2
1689,149,2025-10-09,07:30:00,09:30:00,2
1690,149,2025-10-13,07:30:00,09:30:00,2
1691,149,2025-10-16,07:30:00,09:30:00,2
1692,149,2025-10-20,07:30:00,09:30:00,2
1693,149,2025-10-23,07:30:00,09:30:00,2
1694,149,2025-10-27,07:30:00,09:30:00,2
1695,149,2025-10-30,07:30:00,09:30:00,2
1696,149,2025-11-03,07:30:00,09:30:00,2
1697,149,2025-11-06,07:30:00,09:30:00,2
1698,149,2025-11-10,07:30:00,09:30:00,2
1699,149,2025-11-13,07:30:00,09:30:00,2
1700,149,2025-11-17,07:30:00,09:30:00,2
1701,149,2025-11-20,07:30:00,09:30:00,2
1702,149,2025-11-24,07:30:00,09:30:00,2
1703,149,2025-11-27,07:30:00,09:30:00,2
1704,149,2025-12-01,07:30:00,09:30:00,2
1705,149,2025-12-04,07:30:00,09:30:00,2
1706,149,2025-12-08,07:30:00,09:30:00,2
1707,149,2025-12-11,07:30:00,09:30:00,2
1708,150,2025-10-06,12:30:00,14:30:00,2
1709,150,2025-10-09,12:30:00,14:30:00,2
1710,150,2025-10-13,12:30:00,14:30:00,2
1711,150,2025-10-16,12:30:00,14:30:00,2
1712,150,2025-10-20,12:30:00,14:30:00,2
1713,150,2025-10-23,12:30:00,14:30:00,2
1714,150,2025-10-27,12:30:00,14:30:00,2
1715,150,2025-10-30,12:30:00,14:30:00,2
1716,150,2025-11-03,12:30:00,14:30:00,2
1717,150,2025-11-06,12:30:00,14:30:00,2
1718,150,2025-11-10,12:30:00,14:30:00,2
1719,150,2025-11-13,12:30:00,14:30:00,2
1720,150,2025-11-17,12:30:00,14:30:00,2
1721,150,2025-11-20,12:30:00,14:30:00,2
1722,150,2025-11-24,12:30:00,14:30:00,2
1723,150,2025-11-27,12:30:00,14:30:00,2
1724,150,2025-12-01,12:30:00,14:30:00,2
1725,150,2025-12-04,12:30:00,14:30:00,2
1726,150,2025-12-08,12:30:00,14:30:00,2
1727,150,2025-12-11,12:30:00,14:30:00,2
1728,151,2025-10-09,09:30:00,11:30:00,2
1729,151,2025-10-16,09:30:00,11:30:00,2
1730,151,2025-10-23,09:30:00,11:30:00,2
1731,151,2025-10-30,09:30:00,11:30:00,2
1732,151,2025-11-06,09:30:00,11:30:00,2
1733,151,2025-11-13,09:30:00,11:30:00,2
1734,151,2025-11-20,09:30:00,11:30:00,2
1735,151,2025-11-27,09:30:00,11:30:00,2
1736,151,2025-12-04,09:30:00,11:30:00,2
1737,151,2025-12-11,09:30:00,11:30:00,2
1738,152,2025-10-06,09:30:00,11:30:00,2
1739,152,2025-10-13,09:30:00,11:30:00,2
1740,152,2025-10-20,09:30:00,11:30:00,2
1741,152,2025-10-27,09:30:00,11:30:00,2
1742,152,2025-11-03,09:30:00,11:30:00,2
1743,152,2025-11-10,09:30:00,11:30:00,2
1744,152,2025-11-17,09:30:00,11:30:00,2
1745,152,2025-11-24,09:30:00,11:30:00,2
1746,152,2025-12-01,09:30:00,11:30:00,2
1747,152,2025-12-08,09:30:00,11:30:00,2
1748,153,2025-11-14,12:30:00,14:30:00,2
1749,153,2025-11-21,12:30:00,14:30:00,2
1750,154,2025-11-11,12:30:00,14:30:00,2
1751,154,2025-11-18,12:30:00,14:30:00,2
1752,155,2025-10-07,12:30:00,14:30:00,2
1753,155,2025-10-14,12:30:00,14:30:00,2
1754,155,2025-10-21,12:30:00,14:30:00,2
1755,155,2025-10-28,12:30:00,14:30:00,2
1756,155,2025-11-04,12:30:00,14:30:00,2
1757,155,2025-11-25,12:30:00,14:30:00,2
1758,155,2025-12-02,12:30:00,14:30:00,2
1759,155,2025-12-09,12:30:00,14:30:00,2
1760,156,2025-10-10,12:30:00,14:30:00,2
1761,156,2025-10-17,12:30:00,14:30:00,2
1762,156,2025-10-24,12:30:00,14:30:00,2
1763,156,2025-10-31,12:30:00,14:30:00,2
1764,156,2025-11-07,12:30:00,14:30:00,2
1765,156,2025-11-28,12:30:00,14:30:00,2
1766,156,2025-12-05,12:30:00,14:30:00,2
1767,156,2025-12-12,12:30:00,14:30:00,2
1768,157,2025-10-06,12:30:00,14:30:00,2
1769,157,2025-10-09,12:30:00,14:30:00,2
1770,157,2025-10-13,12:30:00,14:30:00,2
1771,157,2025-10-16,12:30:00,14:30:00,2
1772,157,2025-10-20,12:30:00,14:30:00,2
1773,157,2025-10-23,12:30:00,14:30:00,2
1774,157,2025-10-27,12:30:00,14:30:00,2
1775,157,2025-10-30,12:30:00,14:30:00,2
1776,157,2025-11-03,12:30:00,14:30:00,2
1777,157,2025-11-06,12:30:00,14:30:00,2
1778,157,2025-11-10,12:30:00,14:30:00,2
1779,157,2025-11-13,12:30:00,14:30:00,2
1780,157,2025-11-17,12:30:00,14:30:00,2
1781,157,2025-11-20,12:30:00,14:30:00,2
1782,157,2025-11-24,12:30:00,14:30:00,2
1783,157,2025-11-27,12:30:00,14:30:00,2
1784,157,2025-12-01,12:30:00,14:30:00,2
1785,157,2025-12-04,12:30:00,14:30:00,2
1786,157,2025-12-08,12:30:00,14:30:00,2
1787,157,2025-12-11,12:30:00,14:30:00,2
1788,158,2025-10-07,09:30:00,11:30:00,2
1789,158,2025-10-10,09:30:00,11:30:00,2
1790,158,2025-10-14,09:30:00,11:30:00,2
1791,158,2025-10-17,09:30:00,11:30:00,2
1792,158,2025-10-21,09:30:00,11:30:00,2
1793,158,2025-10-24,09:30:00,11:30:00,2
1794,158,2025-10-28,09:30:00,11:30:00,2
1795,158,2025-10-31,09:30:00,11:30:00,2
1796,158,2025-11-04,09:30:00,11:30:00,2
1797,158,2025-11-07,09:30:00,11:30:00,2
1798,159,2025-11-11,09:30:00,11:30:00,2
1799,159,2025-11-14,09:30:00,11:30:00,2
1800,159,2025-11-18,09:30:00,11:30:00,2
1801,159,2025-11-21,09:30:00,11:30:00,2
1802,159,2025-11-25,09:30:00,11:30:00,2
1803,159,2025-11-28,09:30:00,11:30:00,2
1804,159,2025-12-02,09:30:00,11:30:00,2
1805,159,2025-12-05,09:30:00,11:30:00,2
1806,159,2025-12-09,09:30:00,11:30:00,2
1807,159,2025-12-12,09:30:00,11:30:00,2
1808,160,2025-10-06,14:30:00,16:30:00,2
1809,160,2025-10-09,14:30:00,16:30:00,2
1810,160,2025-10-13,14:30:00,16:30:00,2
1811,160,2025-10-16,14:30:00,16:30:00,2
1812,160,2025-10-20,14:30:00,16:30:00,2
1813,160,2025-10-23,14:30:00,16:30:00,2
1814,160,2025-10-27,14:30:00,16:30:00,2
1815,160,2025-10-30,14:30:00,16:30:00,2
1816,160,2025-11-03,14:30:00,16:30:00,2
1817,160,2025-11-06,14:30:00,16:30:00,2
1818,160,2025-11-10,14:30:00,16:30:00,2
1819,160,2025-11-13,14:30:00,16:30:00,2
1820,160,2025-11-17,14:30:00,16:30:00,2
1821,160,2025-11-20,14:30:00,16:30:00,2
1822,160,2025-11-24,14:30:00,16:30:00,2
1823,160,2025-11-27,14:30:00,16:30:00,2
1824,160,2025-12-01,14:30:00,16:30:00,2
1825,160,2025-12-04,14:30:00,16:30:00,2
1826,160,2025-12-08,14:30:00,16:30:00,2
1827,160,2025-12-11,14:30:00,16:30:00,2
1828,161,2025-11-11,14:30:00,16:30:00,2
1829,161,2025-11-18,14:30:00,16:30:00,2
1830,161,2025-11-25,14:30:00,16:30:00,2
1831,161,2025-12-02,14:30:00,16:30:00,2
1832,161,2025-12-09,14:30:00,16:30:00,2
1833,162,2025-10-07,14:30:00,16:30:00,2
1834,162,2025-10-14,14:30:00,16:30:00,2
1835,162,2025-10-21,14:30:00,16:30:00,2
1836,162,2025-10-28,14:30:00,16:30:00,2
1837,162,2025-11-04,14:30:00,16:30:00,2
1838,163,2025-11-14,14:30:00,16:30:00,2
1839,163,2025-11-21,14:30:00,16:30:00,2
1840,163,2025-11-28,14:30:00,16:30:00,2
1841,163,2025-12-05,14:30:00,16:30:00,2
1842,163,2025-12-12,14:30:00,16:30:00,2
1843,164,2025-10-10,14:30:00,16:30:00,2
1844,164,2025-10-17,14:30:00,16:30:00,2
1845,164,2025-10-24,14:30:00,16:30:00,2
1846,164,2025-10-31,14:30:00,16:30:00,2
1847,164,2025-11-07,14:30:00,16:30:00,2
1848,165,2025-10-06,14:30:00,16:30:00,2
1849,165,2025-10-09,14:30:00,16:30:00,2
1850,165,2025-10-13,14:30:00,16:30:00,2
1851,165,2025-10-16,14:30:00,16:30:00,2
1852,165,2025-10-20,14:30:00,16:30:00,2
1853,165,2025-10-23,14:30:00,16:30:00,2
1854,165,2025-10-27,14:30:00,16:30:00,2
1855,165,2025-10-30,14:30:00,16:30:00,2
1856,165,2025-11-03,14:30:00,16:30:00,2
1857,165,2025-11-06,14:30:00,16:30:00,2
1858,165,2025-11-10,14:30:00,16:30:00,2
1859,165,2025-11-13,14:30:00,16:30:00,2
1860,165,2025-11-17,14:30:00,16:30:00,2
1861,165,2025-11-20,14:30:00,16:30:00,2
1862,165,2025-11-24,14:30:00,16:30:00,2
1863,165,2025-11-27,14:30:00,16:30:00,2
1864,165,2025-12-01,14:30:00,16:30:00,2
1865,165,2025-12-04,14:30:00,16:30:00,2
1866,165,2025-12-08,14:30:00,16:30:00,2
1867,165,2025-12-11,14:30:00,16:30:00,2
1868,166,2025-10-07,07:30:00,09:30:00,2
1869,166,2025-10-10,07:30:00,09:30:00,2
1870,166,2025-10-14,07:30:00,09:30:00,2
1871,166,2025-10-17,07:30:00,09:30:00,2
1872,166,2025-10-21,07:30:00,09:30:00,2
1873,166,2025-10-24,07:30:00,09:30:00,2
1874,166,2025-10-28,07:30:00,09:30:00,2
1875,166,2025-10-31,07:30:00,09:30:00,2
1876,166,2025-11-04,07:30:00,09:30:00,2
1877,166,2025-11-07,07:30:00,09:30:00,2
1878,166,2025-11-11,07:30:00,09:30:00,2
1879,166,2025-11-14,07:30:00,09:30:00,2
1880,166,2025-11-18,07:30:00,09:30:00,2
1881,166,2025-11-21,07:30:00,09:30:00,2
1882,167,2025-11-25,07:30:00,09:30:00,2
1883,167,2025-11-28,07:30:00,09:30:00,2
1884,167,2025-12-02,07:30:00,09:30:00,2
1885,167,2025-12-05,07:30:00,09:30:00,2
1886,167,2025-12-09,07:30:00,09:30:00,2
1887,167,2025-12-12,07:30:00,09:30:00,2
1888,168,2025-10-06,07:30:00,09:30:00,2
1889,168,2025-10-09,07:30:00,09:30:00,2
1890,168,2025-10-13,07:30:00,09:30:00,2
1891,168,2025-10-16,07:30:00,09:30:00,2
1892,168,2025-10-20,07:30:00,09:30:00,2
1893,168,2025-10-23,07:30:00,09:30:00,2
1894,168,2025-10-27,07:30:00,09:30:00,2
1895,168,2025-10-30,07:30:00,09:30:00,2
1896,168,2025-11-03,07:30:00,09:30:00,2
1897,168,2025-11-06,07:30:00,09:30:00,2
1898,168,2025-11-10,07:30:00,09:30:00,2
1899,168,2025-11-13,07:30:00,09:30:00,2
1900,168,2025-11-17,07:30:00,09:30:00,2
1901,168,2025-11-20,07:30:00,09:30:00,2
1902,168,2025-11-24,07:30:00,09:30:00,2
1903,168,2025-11-27,07:30:00,09:30:00,2
1904,168,2025-12-01,07:30:00,09:30:00,2
1905,168,2025-12-04,07:30:00,09:30:00,2
1906,168,2025-12-08,07:30:00,09:30:00,2
1907,168,2025-12-11,07:30:00,09:30:00,2
1908,169,2025-10-07,12:30:00,14:30:00,2
1909,169,2025-10-10,12:30:00,14:30:00,2
1910,169,2025-10-14,12:30:00,14:30:00,2
1911,169,2025-10-17,12:30:00,14:30:00,2
1912,169,2025-10-21,12:30:00,14:30:00,2
1913,169,2025-10-24,12:30:00,14:30:00,2
1914,169,2025-10-28,12:30:00,14:30:00,2
1915,169,2025-10-31,12:30:00,14:30:00,2
1916,169,2025-11-04,12:30:00,14:30:00,2
1917,169,2025-11-07,12:30:00,14:30:00,2
1918,169,2025-11-11,12:30:00,14:30:00,2
1919,169,2025-11-14,12:30:00,14:30:00,2
1920,169,2025-11-18,12:30:00,14:30:00,2
1921,169,2025-11-21,12:30:00,14:30:00,2
1922,169,2025-11-25,12:30:00,14:30:00,2
1923,169,2025-11-28,12:30:00,14:30:00,2
1924,169,2025-12-02,12:30:00,14:30:00,2
1925,169,2025-12-05,12:30:00,14:30:00,2
1926,169,2025-12-09,12:30:00,14:30:00,2
1927,169,2025-12-12,12:30:00,14:30:00,2
1928,170,2025-11-10,12:30:00,14:30:00,2
1929,170,2025-11-13,12:30:00,14:30:00,2
1930,170,2025-11-17,12:30:00,14:30:00,2
1931,170,2025-11-20,12:30:00,14:30:00,2
1932,170,2025-11-24,12:30:00,14:30:00,2
1933,170,2025-11-27,12:30:00,14:30:00,2
1934,170,2025-12-01,12:30:00,14:30:00,2
1935,170,2025-12-04,12:30:00,14:30:00,2
1936,170,2025-12-08,12:30:00,14:30:00,2
1937,170,2025-12-11,12:30:00,14:30:00,2
1938,171,2025-10-06,12:30:00,14:30:00,2
1939,171,2025-10-09,12:30:00,14:30:00,2
1940,171,2025-10-13,12:30:00,14:30:00,2
1941,171,2025-10-16,12:30:00,14:30:00,2
1942,171,2025-10-20,12:30:00,14:30:00,2
1943,171,2025-10-23,12:30:00,14:30:00,2
1944,171,2025-10-27,12:30:00,14:30:00,2
1945,171,2025-10-30,12:30:00,14:30:00,2
1946,171,2025-11-03,12:30:00,14:30:00,2
1947,171,2025-11-06,12:30:00,14:30:00,2
1948,172,2025-10-06,07:30:00,09:30:00,2
1949,172,2025-10-09,07:30:00,09:30:00,2
1950,172,2025-10-13,07:30:00,09:30:00,2
1951,172,2025-10-16,07:30:00,09:30:00,2
1952,172,2025-10-20,07:30:00,09:30:00,2
1953,172,2025-10-23,07:30:00,09:30:00,2
1954,172,2025-10-27,07:30:00,09:30:00,2
1955,172,2025-10-30,07:30:00,09:30:00,2
1956,172,2025-11-03,07:30:00,09:30:00,2
1957,172,2025-11-06,07:30:00,09:30:00,2
1958,173,2025-11-10,07:30:00,09:30:00,2
1959,173,2025-11-13,07:30:00,09:30:00,2
1960,173,2025-11-17,07:30:00,09:30:00,2
1961,173,2025-11-20,07:30:00,09:30:00,2
1962,173,2025-11-24,07:30:00,09:30:00,2
1963,173,2025-11-27,07:30:00,09:30:00,2
1964,173,2025-12-01,07:30:00,09:30:00,2
1965,173,2025-12-04,07:30:00,09:30:00,2
1966,173,2025-12-08,07:30:00,09:30:00,2
1967,173,2025-12-11,07:30:00,09:30:00,2
1968,174,2025-10-06,14:30:00,16:30:00,2
1969,174,2025-10-09,14:30:00,16:30:00,2
1970,174,2025-10-13,14:30:00,16:30:00,2
1971,174,2025-10-16,14:30:00,16:30:00,2
1972,174,2025-10-20,14:30:00,16:30:00,2
1973,174,2025-10-23,14:30:00,16:30:00,2
1974,174,2025-10-27,14:30:00,16:30:00,2
1975,174,2025-10-30,14:30:00,16:30:00,2
1976,174,2025-11-03,14:30:00,16:30:00,2
1977,174,2025-11-06,14:30:00,16:30:00,2
1978,174,2025-11-10,14:30:00,16:30:00,2
1979,174,2025-11-13,14:30:00,16:30:00,2
1980,174,2025-11-17,14:30:00,16:30:00,2
1981,174,2025-11-20,14:30:00,16:30:00,2
1982,174,2025-11-24,14:30:00,16:30:00,2
1983,174,2025-11-27,14:30:00,16:30:00,2
1984,174,2025-12-01,14:30:00,16:30:00,2
1985,174,2025-12-04,14:30:00,16:30:00,2
1986,174,2025-12-08,14:30:00,16:30:00,2
1987,174,2025-12-11,14:30:00,16:30:00,2
1988,175,2025-10-06,09:30:00,11:30:00,2
1989,175,2025-10-09,09:30:00,11:30:00,2
1990,175,2025-10-13,09:30:00,11:30:00,2
1991,175,2025-10-16,09:30:00,11:30:00,2
1992,175,2025-10-20,09:30:00,11:30:00,2
1993,175,2025-10-23,09:30:00,11:30:00,2
1994,175,2025-10-27,09:30:00,11:30:00,2
1995,175,2025-10-30,09:30:00,11:30:00,2
1996,175,2025-11-03,09:30:00,11:30:00,2
1997,175,2025-11-06,09:30:00,11:30:00,2
1998,176,2025-11-10,09:30:00,11:30:00,2
1999,176,2025-11-13,09:30:00,11:30:00,2
2000,176,2025-11-17,09:30:00,11:30:00,2
2001,176,2025-11-20,09:30:00,11:30:00,2
2002,176,2025-11-24,09:30:00,11:30:00,2
2003,176,2025-11-27,09:30:00,11:30:00,2
2004,176,2025-12-01,09:30:00,11:30:00,2
2005,176,2025-12-04,09:30:00,11:30:00,2
2006,176,2025-12-08,09:30:00,11:30:00,2
2007,176,2025-12-11,09:30:00,11:30:00,2
2008,177,2025-10-07,09:30:00,11:30:00,2
2009,177,2025-10-10,09:30:00,11:30:00,2
2010,177,2025-10-14,09:30:00,11:30:00,2
2011,177,2025-10-17,09:30:00,11:30:00,2
2012,177,2025-10-21,09:30:00,11:30:00,2
2013,177,2025-10-24,09:30:00,11:30:00,2
2014,177,2025-10-28,09:30:00,11:30:00,2
2015,177,2025-10-31,09:30:00,11:30:00,2
2016,177,2025-11-04,09:30:00,11:30:00,2
2017,177,2025-11-07,09:30:00,11:30:00,2
2018,177,2025-11-11,09:30:00,11:30:00,2
2019,177,2025-11-14,09:30:00,11:30:00,2
2020,177,2025-11-18,09:30:00,11:30:00,2
2021,177,2025-11-21,09:30:00,11:30:00,2
2022,177,2025-11-25,09:30:00,11:30:00,2
2023,177,2025-11-28,09:30:00,11:30:00,2
2024,177,2025-12-02,09:30:00,11:30:00,2
2025,177,2025-12-05,09:30:00,11:30:00,2
2026,177,2025-12-09,09:30:00,11:30:00,2
2027,177,2025-12-12,09:30:00,11:30:00,2
2028,178,2025-10-07,07:30:00,09:30:00,2
2029,178,2025-10-10,07:30:00,09:30:00,2
2030,178,2025-10-14,07:30:00,09:30:00,2
2031,178,2025-10-17,07:30:00,09:30:00,2
2032,178,2025-10-21,07:30:00,09:30:00,2
2033,178,2025-10-24,07:30:00,09:30:00,2
2034,178,2025-10-28,07:30:00,09:30:00,2
2035,178,2025-10-31,07:30:00,09:30:00,2
2036,178,2025-11-04,07:30:00,09:30:00,2
2037,178,2025-11-07,07:30:00,09:30:00,2
2038,178,2025-11-11,07:30:00,09:30:00,2
2039,178,2025-11-14,07:30:00,09:30:00,2
2040,178,2025-11-18,07:30:00,09:30:00,2
2041,178,2025-11-21,07:30:00,09:30:00,2
2042,178,2025-11-25,07:30:00,09:30:00,2
2043,178,2025-11-28,07:30:00,09:30:00,2
2044,178,2025-12-02,07:30:00,09:30:00,2
2045,178,2025-12-05,07:30:00,09:30:00,2
2046,178,2025-12-09,07:30:00,09:30:00,2
2047,178,2025-12-12,07:30:00,09:30:00,2
2048,179,2025-11-11,14:30:00,16:30:00,2
2049,179,2025-11-14,14:30:00,16:30:00,2
2050,179,2025-11-18,14:30:00,16:30:00,2
2051,179,2025-11-21,14:30:00,16:30:00,2
2052,179,2025-11-25,14:30:00,16:30:00,2
2053,179,2025-11-28,14:30:00,16:30:00,2
2054,179,2025-12-02,14:30:00,16:30:00,2
2055,179,2025-12-05,14:30:00,16:30:00,2
2056,179,2025-12-09,14:30:00,16:30:00,2
2057,179,2025-12-12,14:30:00,16:30:00,2
2058,180,2025-10-07,14:30:00,16:30:00,2
2059,180,2025-10-10,14:30:00,16:30:00,2
2060,180,2025-10-14,14:30:00,16:30:00,2
2061,180,2025-10-17,14:30:00,16:30:00,2
2062,180,2025-10-21,14:30:00,16:30:00,2
2063,180,2025-10-24,14:30:00,16:30:00,2
2064,180,2025-10-28,14:30:00,16:30:00,2
2065,180,2025-10-31,14:30:00,16:30:00,2
2066,180,2025-11-04,14:30:00,16:30:00,2
2067,180,2025-11-07,14:30:00,16:30:00,2
2068,181,2025-10-06,14:30:00,16:30:00,2
2069,181,2025-10-09,14:30:00,16:30:00,2
2070,181,2025-10-13,14:30:00,16:30:00,2
2071,181,2025-10-16,14:30:00,16:30:00,2
2072,181,2025-10-20,14:30:00,16:30:00,2
2073,181,2025-10-23,14:30:00,16:30:00,2
2074,181,2025-10-27,14:30:00,16:30:00,2
2075,181,2025-10-30,14:30:00,16:30:00,2
2076,181,2025-11-03,14:30:00,16:30:00,2
2077,181,2025-11-06,14:30:00,16:30:00,2
2078,181,2025-11-10,14:30:00,16:30:00,2
2079,181,2025-11-13,14:30:00,16:30:00,2
2080,181,2025-11-17,14:30:00,16:30:00,2
2081,181,2025-11-20,14:30:00,16:30:00,2
2082,181,2025-11-24,14:30:00,16:30:00,2
2083,181,2025-11-27,14:30:00,16:30:00,2
2084,181,2025-12-01,14:30:00,16:30:00,2
2085,181,2025-12-04,14:30:00,16:30:00,2
2086,181,2025-12-08,14:30:00,16:30:00,2
2087,181,2025-12-11,14:30:00,16:30:00,2
2088,182,2025-10-07,09:30:00,11:30:00,2
2089,182,2025-10-10,09:30:00,11:30:00,2
2090,182,2025-10-14,09:30:00,11:30:00,2
2091,182,2025-10-17,09:30:00,11:30:00,2
2092,182,2025-10-21,09:30:00,11:30:00,2
2093,182,2025-10-24,09:30:00,11:30:00,2
2094,182,2025-10-28,09:30:00,11:30:00,2
2095,182,2025-10-31,09:30:00,11:30:00,2
2096,182,2025-11-04,09:30:00,11:30:00,2
2097,182,2025-11-07,09:30:00,11:30:00,2
2098,182,2025-11-11,09:30:00,11:30:00,2
2099,182,2025-11-14,09:30:00,11:30:00,2
2100,182,2025-11-18,09:30:00,11:30:00,2
2101,182,2025-11-21,09:30:00,11:30:00,2
2102,182,2025-11-25,09:30:00,11:30:00,2
2103,182,2025-11-28,09:30:00,11:30:00,2
2104,182,2025-12-02,09:30:00,11:30:00,2
2105,182,2025-12-05,09:30:00,11:30:00,2
2106,182,2025-12-09,09:30:00,11:30:00,2
2107,182,2025-12-12,09:30:00,11:30:00,2
2108,183,2025-10-06,14:30:00,16:30:00,2
2109,183,2025-10-09,14:30:00,16:30:00,2
2110,183,2025-10-13,14:30:00,16:30:00,2
2111,183,2025-10-16,14:30:00,16:30:00,2
2112,183,2025-10-20,14:30:00,16:30:00,2
2113,183,2025-10-23,14:30:00,16:30:00,2
2114,183,2025-10-27,14:30:00,16:30:00,2
2115,183,2025-10-30,14:30:00,16:30:00,2
2116,183,2025-11-03,14:30:00,16:30:00,2
2117,183,2025-11-06,14:30:00,16:30:00,2
2118,183,2025-11-10,14:30:00,16:30:00,2
2119,183,2025-11-13,14:30:00,16:30:00,2
2120,183,2025-11-17,14:30:00,16:30:00,2
2121,183,2025-11-20,14:30:00,16:30:00,2
2122,183,2025-11-24,14:30:00,16:30:00,2
2123,183,2025-11-27,14:30:00,16:30:00,2
2124,183,2025-12-01,14:30:00,16:30:00,2
2125,183,2025-12-04,14:30:00,16:30:00,2
2126,183,2025-12-08,14:30:00,16:30:00,2
2127,183,2025-12-11,14:30:00,16:30:00,2
2128,184,2025-10-08,12:30:00,14:30:00,2
2129,184,2025-10-11,12:30:00,14:30:00,2
2130,184,2025-10-15,12:30:00,14:30:00,2
2131,184,2025-10-18,12:30:00,14:30:00,2
2132,184,2025-10-22,12:30:00,14:30:00,2
2133,184,2025-10-25,12:30:00,14:30:00,2
2134,184,2025-10-29,12:30:00,14:30:00,2
2135,184,2025-11-01,12:30:00,14:30:00,2
2136,184,2025-11-05,12:30:00,14:30:00,2
2137,184,2025-11-08,12:30:00,14:30:00,2
2138,184,2025-11-12,12:30:00,14:30:00,2
2139,184,2025-11-15,12:30:00,14:30:00,2
2140,184,2025-11-19,12:30:00,14:30:00,2
2141,184,2025-11-22,12:30:00,14:30:00,2
2142,184,2025-11-26,12:30:00,14:30:00,2
2143,184,2025-11-29,12:30:00,14:30:00,2
2144,184,2025-12-03,12:30:00,14:30:00,2
2145,184,2025-12-06,12:30:00,14:30:00,2
2146,184,2025-12-10,12:30:00,14:30:00,2
2147,184,2025-12-13,12:30:00,14:30:00,2
2148,185,2025-10-08,07:30:00,09:30:00,2
2149,185,2025-10-11,07:30:00,09:30:00,2
2150,185,2025-10-15,07:30:00,09:30:00,2
2151,185,2025-10-18,07:30:00,09:30:00,2
2152,185,2025-10-22,07:30:00,09:30:00,2
2153,185,2025-10-25,07:30:00,09:30:00,2
2154,185,2025-10-29,07:30:00,09:30:00,2
2155,185,2025-11-01,07:30:00,09:30:00,2
2156,185,2025-11-05,07:30:00,09:30:00,2
2157,185,2025-11-08,07:30:00,09:30:00,2
2158,185,2025-11-12,07:30:00,09:30:00,2
2159,185,2025-11-15,07:30:00,09:30:00,2
2160,185,2025-11-19,07:30:00,09:30:00,2
2161,185,2025-11-22,07:30:00,09:30:00,2
2162,185,2025-11-26,07:30:00,09:30:00,2
2163,185,2025-11-29,07:30:00,09:30:00,2
2164,185,2025-12-03,07:30:00,09:30:00,2
2165,185,2025-12-06,07:30:00,09:30:00,2
2166,185,2025-12-10,07:30:00,09:30:00,2
2167,185,2025-12-13,07:30:00,09:30:00,2
2168,186,2025-10-08,09:30:00,11:30:00,2
2169,186,2025-10-11,09:30:00,11:30:00,2
2170,186,2025-10-15,09:30:00,11:30:00,2
2171,186,2025-10-18,09:30:00,11:30:00,2
2172,186,2025-10-22,09:30:00,11:30:00,2
2173,186,2025-10-25,09:30:00,11:30:00,2
2174,186,2025-10-29,09:30:00,11:30:00,2
2175,186,2025-11-01,09:30:00,11:30:00,2
2176,186,2025-11-05,09:30:00,11:30:00,2
2177,186,2025-11-08,09:30:00,11:30:00,2
2178,186,2025-11-12,09:30:00,11:30:00,2
2179,186,2025-11-15,09:30:00,11:30:00,2
2180,186,2025-11-19,09:30:00,11:30:00,2
2181,186,2025-11-22,09:30:00,11:30:00,2
2182,186,2025-11-26,09:30:00,11:30:00,2
2183,186,2025-11-29,09:30:00,11:30:00,2
2184,186,2025-12-03,09:30:00,11:30:00,2
2185,186,2025-12-06,09:30:00,11:30:00,2
2186,186,2025-12-10,09:30:00,11:30:00,2
2187,186,2025-12-13,09:30:00,11:30:00,2
2188,187,2025-10-08,14:30:00,16:30:00,2
2189,187,2025-10-11,14:30:00,16:30:00,2
2190,187,2025-10-15,14:30:00,16:30:00,2
2191,187,2025-10-18,14:30:00,16:30:00,2
2192,187,2025-10-22,14:30:00,16:30:00,2
2193,187,2025-10-25,14:30:00,16:30:00,2
2194,187,2025-10-29,14:30:00,16:30:00,2
2195,187,2025-11-01,14:30:00,16:30:00,2
2196,187,2025-11-05,14:30:00,16:30:00,2
2197,187,2025-11-08,14:30:00,16:30:00,2
2198,187,2025-11-12,14:30:00,16:30:00,2
2199,187,2025-11-15,14:30:00,16:30:00,2
2200,187,2025-11-19,14:30:00,16:30:00,2
2201,187,2025-11-22,14:30:00,16:30:00,2
2202,187,2025-11-26,14:30:00,16:30:00,2
2203,187,2025-11-29,14:30:00,16:30:00,2
2204,187,2025-12-03,14:30:00,16:30:00,2
2205,187,2025-12-06,14:30:00,16:30:00,2
2206,187,2025-12-10,14:30:00,16:30:00,2
2207,187,2025-12-13,14:30:00,16:30:00,2
2208,188,2025-10-06,12:30:00,14:30:00,2
2209,188,2025-10-09,12:30:00,14:30:00,2
2210,188,2025-10-13,12:30:00,14:30:00,2
2211,188,2025-10-16,12:30:00,14:30:00,2
2212,188,2025-10-20,12:30:00,14:30:00,2
2213,188,2025-10-23,12:30:00,14:30:00,2
2214,188,2025-10-27,12:30:00,14:30:00,2
2215,188,2025-10-30,12:30:00,14:30:00,2
2216,188,2025-11-03,12:30:00,14:30:00,2
2217,188,2025-11-06,12:30:00,14:30:00,2
2218,188,2025-11-10,12:30:00,14:30:00,2
2219,188,2025-11-13,12:30:00,14:30:00,2
2220,188,2025-11-17,12:30:00,14:30:00,2
2221,188,2025-11-20,12:30:00,14:30:00,2
2222,188,2025-11-24,12:30:00,14:30:00,2
2223,188,2025-11-27,12:30:00,14:30:00,2
2224,188,2025-12-01,12:30:00,14:30:00,2
2225,188,2025-12-04,12:30:00,14:30:00,2
2226,188,2025-12-08,12:30:00,14:30:00,2
2227,188,2025-12-11,12:30:00,14:30:00,2
2228,189,2025-10-06,16:30:00,18:30:00,2
2229,189,2025-10-09,16:30:00,18:30:00,2
2230,189,2025-10-13,16:30:00,18:30:00,2
2231,189,2025-10-16,16:30:00,18:30:00,2
2232,189,2025-10-20,16:30:00,18:30:00,2
2233,189,2025-10-23,16:30:00,18:30:00,2
2234,189,2025-10-27,16:30:00,18:30:00,2
2235,189,2025-10-30,16:30:00,18:30:00,2
2236,189,2025-11-03,16:30:00,18:30:00,2
2237,189,2025-11-06,16:30:00,18:30:00,2
2238,189,2025-11-10,16:30:00,18:30:00,2
2239,189,2025-11-13,16:30:00,18:30:00,2
2240,189,2025-11-17,16:30:00,18:30:00,2
2241,189,2025-11-20,16:30:00,18:30:00,2
2242,189,2025-11-24,16:30:00,18:30:00,2
2243,189,2025-11-27,16:30:00,18:30:00,2
2244,189,2025-12-01,16:30:00,18:30:00,2
2245,189,2025-12-04,16:30:00,18:30:00,2
2246,189,2025-12-08,16:30:00,18:30:00,2
2247,189,2025-12-11,16:30:00,18:30:00,2
2248,190,2025-10-07,16:30:00,18:30:00,2
2249,190,2025-10-10,16:30:00,18:30:00,2
2250,190,2025-10-14,16:30:00,18:30:00,2
2251,190,2025-10-17,16:30:00,18:30:00,2
2252,190,2025-10-21,16:30:00,18:30:00,2
2253,190,2025-10-24,16:30:00,18:30:00,2
2254,190,2025-10-28,16:30:00,18:30:00,2
2255,190,2025-10-31,16:30:00,18:30:00,2
2256,190,2025-11-04,16:30:00,18:30:00,2
2257,190,2025-11-07,16:30:00,18:30:00,2
2258,190,2025-11-11,16:30:00,18:30:00,2
2259,190,2025-11-14,16:30:00,18:30:00,2
2260,190,2025-11-18,16:30:00,18:30:00,2
2261,190,2025-11-21,16:30:00,18:30:00,2
2262,190,2025-11-25,16:30:00,18:30:00,2
2263,190,2025-11-28,16:30:00,18:30:00,2
2264,190,2025-12-02,16:30:00,18:30:00,2
2265,190,2025-12-05,16:30:00,18:30:00,2
2266,190,2025-12-09,16:30:00,18:30:00,2
2267,190,2025-12-12,16:30:00,18:30:00,2
2268,191,2025-10-07,14:30:00,16:30:00,2
2269,191,2025-10-10,14:30:00,16:30:00,2
2270,191,2025-10-14,14:30:00,16:30:00,2
2271,191,2025-10-17,14:30:00,16:30:00,2
2272,191,2025-10-21,14:30:00,16:30:00,2
2273,191,2025-10-24,14:30:00,16:30:00,2
2274,191,2025-10-28,14:30:00,16:30:00,2
2275,191,2025-10-31,14:30:00,16:30:00,2
2276,191,2025-11-04,14:30:00,16:30:00,2
2277,191,2025-11-07,14:30:00,16:30:00,2
2278,191,2025-11-11,14:30:00,16:30:00,2
2279,191,2025-11-14,14:30:00,16:30:00,2
2280,191,2025-11-18,14:30:00,16:30:00,2
2281,191,2025-11-21,14:30:00,16:30:00,2
2282,191,2025-11-25,14:30:00,16:30:00,2
2283,191,2025-11-28,14:30:00,16:30:00,2
2284,191,2025-12-02,14:30:00,16:30:00,2
2285,191,2025-12-05,14:30:00,16:30:00,2
2286,191,2025-12-09,14:30:00,16:30:00,2
2287,191,2025-12-12,14:30:00,16:30:00,2
2288,192,2025-10-07,09:30:00,11:30:00,2
2289,192,2025-10-10,09:30:00,11:30:00,2
2290,192,2025-10-14,09:30:00,11:30:00,2
2291,192,2025-10-17,09:30:00,11:30:00,2
2292,192,2025-10-21,09:30:00,11:30:00,2
2293,192,2025-10-24,09:30:00,11:30:00,2
2294,192,2025-10-28,09:30:00,11:30:00,2
2295,192,2025-10-31,09:30:00,11:30:00,2
2296,192,2025-11-04,09:30:00,11:30:00,2
2297,192,2025-11-07,09:30:00,11:30:00,2
2298,192,2025-11-11,09:30:00,11:30:00,2
2299,192,2025-11-14,09:30:00,11:30:00,2
2300,192,2025-11-18,09:30:00,11:30:00,2
2301,192,2025-11-21,09:30:00,11:30:00,2
2302,192,2025-11-25,09:30:00,11:30:00,2
2303,192,2025-11-28,09:30:00,11:30:00,2
2304,192,2025-12-02,09:30:00,11:30:00,2
2305,192,2025-12-05,09:30:00,11:30:00,2
2306,192,2025-12-09,09:30:00,11:30:00,2
2307,192,2025-12-12,09:30:00,11:30:00,2
2308,193,2025-10-07,16:30:00,18:30:00,2
2309,193,2025-10-10,16:30:00,18:30:00,2
2310,193,2025-10-14,16:30:00,18:30:00,2
2311,193,2025-10-17,16:30:00,18:30:00,2
2312,193,2025-10-21,16:30:00,18:30:00,2
2313,193,2025-10-24,16:30:00,18:30:00,2
2314,193,2025-10-28,16:30:00,18:30:00,2
2315,193,2025-10-31,16:30:00,18:30:00,2
2316,193,2025-11-04,16:30:00,18:30:00,2
2317,193,2025-11-07,16:30:00,18:30:00,2
2318,193,2025-11-11,16:30:00,18:30:00,2
2319,193,2025-11-14,16:30:00,18:30:00,2
2320,193,2025-11-18,16:30:00,18:30:00,2
2321,193,2025-11-21,16:30:00,18:30:00,2
2322,193,2025-11-25,16:30:00,18:30:00,2
2323,193,2025-11-28,16:30:00,18:30:00,2
2324,193,2025-12-02,16:30:00,18:30:00,2
2325,193,2025-12-05,16:30:00,18:30:00,2
2326,193,2025-12-09,16:30:00,18:30:00,2
2327,193,2025-12-12,16:30:00,18:30:00,2
2328,194,2025-10-06,09:30:00,11:30:00,2
2329,194,2025-10-09,09:30:00,11:30:00,2
2330,194,2025-10-13,09:30:00,11:30:00,2
2331,194,2025-10-16,09:30:00,11:30:00,2
2332,194,2025-10-20,09:30:00,11:30:00,2
2333,194,2025-10-23,09:30:00,11:30:00,2
2334,194,2025-10-27,09:30:00,11:30:00,2
2335,194,2025-10-30,09:30:00,11:30:00,2
2336,194,2025-11-03,09:30:00,11:30:00,2
2337,194,2025-11-06,09:30:00,11:30:00,2
2338,194,2025-11-10,09:30:00,11:30:00,2
2339,194,2025-11-13,09:30:00,11:30:00,2
2340,194,2025-11-17,09:30:00,11:30:00,2
2341,194,2025-11-20,09:30:00,11:30:00,2
2342,194,2025-11-24,09:30:00,11:30:00,2
2343,194,2025-11-27,09:30:00,11:30:00,2
2344,194,2025-12-01,09:30:00,11:30:00,2
2345,194,2025-12-04,09:30:00,11:30:00,2
2346,194,2025-12-08,09:30:00,11:30:00,2
2347,194,2025-12-11,09:30:00,11:30:00,2
2348,195,2025-10-11,07:30:00,11:30:00,4
2349,195,2025-10-18,07:30:00,11:30:00,4
2350,195,2025-10-25,07:30:00,11:30:00,4
2351,195,2025-11-01,07:30:00,11:30:00,4
2352,195,2025-11-08,07:30:00,11:30:00,4
2353,195,2025-11-15,07:30:00,11:30:00,4
2354,195,2025-11-22,07:30:00,11:30:00,4
2355,195,2025-11-29,07:30:00,11:30:00,4
2356,195,2025-12-06,07:30:00,11:30:00,4
2357,195,2025-12-13,07:30:00,11:30:00,4
2358,196,2025-10-06,07:30:00,09:30:00,2
2359,196,2025-10-09,07:30:00,09:30:00,2
2360,196,2025-10-13,07:30:00,09:30:00,2
2361,196,2025-10-16,07:30:00,09:30:00,2
2362,196,2025-10-20,07:30:00,09:30:00,2
2363,196,2025-10-23,07:30:00,09:30:00,2
2364,196,2025-10-27,07:30:00,09:30:00,2
2365,196,2025-10-30,07:30:00,09:30:00,2
2366,196,2025-11-03,07:30:00,09:30:00,2
2367,196,2025-11-06,07:30:00,09:30:00,2
2368,196,2025-11-10,07:30:00,09:30:00,2
2369,196,2025-11-13,07:30:00,09:30:00,2
2370,196,2025-11-17,07:30:00,09:30:00,2
2371,196,2025-11-20,07:30:00,09:30:00,2
2372,196,2025-11-24,07:30:00,09:30:00,2
2373,196,2025-11-27,07:30:00,09:30:00,2
2374,196,2025-12-01,07:30:00,09:30:00,2
2375,196,2025-12-04,07:30:00,09:30:00,2
2376,196,2025-12-08,07:30:00,09:30:00,2
2377,196,2025-12-11,07:30:00,09:30:00,2
2378,197,2025-10-07,12:30:00,14:30:00,2
2379,197,2025-10-10,12:30:00,14:30:00,2
2380,197,2025-10-14,12:30:00,14:30:00,2
2381,197,2025-10-17,12:30:00,14:30:00,2
2382,197,2025-10-21,12:30:00,14:30:00,2
2383,197,2025-10-24,12:30:00,14:30:00,2
2384,197,2025-10-28,12:30:00,14:30:00,2
2385,197,2025-10-31,12:30:00,14:30:00,2
2386,197,2025-11-04,12:30:00,14:30:00,2
2387,197,2025-11-07,12:30:00,14:30:00,2
2388,197,2025-11-11,12:30:00,14:30:00,2
2389,197,2025-11-14,12:30:00,14:30:00,2
2390,197,2025-11-18,12:30:00,14:30:00,2
2391,197,2025-11-21,12:30:00,14:30:00,2
2392,197,2025-11-25,12:30:00,14:30:00,2
2393,197,2025-11-28,12:30:00,14:30:00,2
2394,197,2025-12-02,12:30:00,14:30:00,2
2395,197,2025-12-05,12:30:00,14:30:00,2
2396,197,2025-12-09,12:30:00,14:30:00,2
2397,197,2025-12-12,12:30:00,14:30:00,2
2398,198,2025-10-07,14:30:00,16:30:00,2
2399,198,2025-10-10,14:30:00,16:30:00,2
2400,198,2025-10-14,14:30:00,16:30:00,2
2401,198,2025-10-17,14:30:00,16:30:00,2
2402,198,2025-10-21,14:30:00,16:30:00,2
2403,198,2025-10-24,14:30:00,16:30:00,2
2404,198,2025-10-28,14:30:00,16:30:00,2
2405,198,2025-10-31,14:30:00,16:30:00,2
2406,198,2025-11-04,14:30:00,16:30:00,2
2407,198,2025-11-07,14:30:00,16:30:00,2
2408,198,2025-11-11,14:30:00,16:30:00,2
2409,198,2025-11-14,14:30:00,16:30:00,2
2410,198,2025-11-18,14:30:00,16:30:00,2
2411,198,2025-11-21,14:30:00,16:30:00,2
2412,198,2025-11-25,14:30:00,16:30:00,2
2413,198,2025-11-28,14:30:00,16:30:00,2
2414,198,2025-12-02,14:30:00,16:30:00,2
2415,198,2025-12-05,14:30:00,16:30:00,2
2416,198,2025-12-09,14:30:00,16:30:00,2
2417,198,2025-12-12,14:30:00,16:30:00,2
2418,199,2025-10-06,09:30:00,11:30:00,2
2419,199,2025-10-09,09:30:00,11:30:00,2
2420,199,2025-10-13,09:30:00,11:30:00,2
2421,199,2025-10-16,09:30:00,11:30:00,2
2422,199,2025-10-20,09:30:00,11:30:00,2
2423,199,2025-10-23,09:30:00,11:30:00,2
2424,199,2025-10-27,09:30:00,11:30:00,2
2425,199,2025-10-30,09:30:00,11:30:00,2
2426,199,2025-11-03,09:30:00,11:30:00,2
2427,199,2025-11-06,09:30:00,11:30:00,2
2428,199,2025-11-10,09:30:00,11:30:00,2
2429,199,2025-11-13,09:30:00,11:30:00,2
2430,199,2025-11-17,09:30:00,11:30:00,2
2431,199,2025-11-20,09:30:00,11:30:00,2
2432,199,2025-11-24,09:30:00,11:30:00,2
2433,199,2025-11-27,09:30:00,11:30:00,2
2434,199,2025-12-01,09:30:00,11:30:00,2
2435,199,2025-12-04,09:30:00,11:30:00,2
2436,199,2025-12-08,09:30:00,11:30:00,2
2437,199,2025-12-11,09:30:00,11:30:00,2
2438,200,2025-10-07,12:30:00,14:30:00,2
2439,200,2025-10-10,12:30:00,14:30:00,2
2440,200,2025-10-14,12:30:00,14:30:00,2
2441,200,2025-10-17,12:30:00,14:30:00,2
2442,200,2025-10-21,12:30:00,14:30:00,2
2443,200,2025-10-24,12:30:00,14:30:00,2
2444,200,2025-10-28,12:30:00,14:30:00,2
2445,200,2025-10-31,12:30:00,14:30:00,2
2446,200,2025-11-04,12:30:00,14:30:00,2
2447,200,2025-11-07,12:30:00,14:30:00,2
2448,200,2025-11-11,12:30:00,14:30:00,2
2449,200,2025-11-14,12:30:00,14:30:00,2
2450,200,2025-11-18,12:30:00,14:30:00,2
2451,200,2025-11-21,12:30:00,14:30:00,2
2452,200,2025-11-25,12:30:00,14:30:00,2
2453,200,2025-11-28,12:30:00,14:30:00,2
2454,200,2025-12-02,12:30:00,14:30:00,2
2455,200,2025-12-05,12:30:00,14:30:00,2
2456,200,2025-12-09,12:30:00,14:30:00,2
2457,200,2025-12-12,12:30:00,14:30:00,2
2458,201,2025-10-07,07:30:00,09:30:00,2
2459,201,2025-10-10,07:30:00,09:30:00,2
2460,201,2025-10-14,07:30:00,09:30:00,2
2461,201,2025-10-17,07:30:00,09:30:00,2
2462,201,2025-10-21,07:30:00,09:30:00,2
2463,201,2025-10-24,07:30:00,09:30:00,2
2464,201,2025-10-28,07:30:00,09:30:00,2
2465,201,2025-10-31,07:30:00,09:30:00,2
2466,201,2025-11-04,07:30:00,09:30:00,2
2467,201,2025-11-07,07:30:00,09:30:00,2
2468,201,2025-11-11,07:30:00,09:30:00,2
2469,201,2025-11-14,07:30:00,09:30:00,2
2470,201,2025-11-18,07:30:00,09:30:00,2
2471,201,2025-11-21,07:30:00,09:30:00,2
2472,201,2025-11-25,07:30:00,09:30:00,2
2473,201,2025-11-28,07:30:00,09:30:00,2
2474,201,2025-12-02,07:30:00,09:30:00,2
2475,201,2025-12-05,07:30:00,09:30:00,2
2476,201,2025-12-09,07:30:00,09:30:00,2
2477,201,2025-12-12,07:30:00,09:30:00,2
2478,202,2025-10-07,09:30:00,11:30:00,2
2479,202,2025-10-10,09:30:00,11:30:00,2
2480,202,2025-10-14,09:30:00,11:30:00,2
2481,202,2025-10-17,09:30:00,11:30:00,2
2482,202,2025-10-21,09:30:00,11:30:00,2
2483,202,2025-10-24,09:30:00,11:30:00,2
2484,202,2025-10-28,09:30:00,11:30:00,2
2485,202,2025-10-31,09:30:00,11:30:00,2
2486,202,2025-11-04,09:30:00,11:30:00,2
2487,202,2025-11-07,09:30:00,11:30:00,2
2488,202,2025-11-11,09:30:00,11:30:00,2
2489,202,2025-11-14,09:30:00,11:30:00,2
2490,202,2025-11-18,09:30:00,11:30:00,2
2491,202,2025-11-21,09:30:00,11:30:00,2
2492,202,2025-11-25,09:30:00,11:30:00,2
2493,202,2025-11-28,09:30:00,11:30:00,2
2494,202,2025-12-02,09:30:00,11:30:00,2
2495,202,2025-12-05,09:30:00,11:30:00,2
2496,202,2025-12-09,09:30:00,11:30:00,2
2497,202,2025-12-12,09:30:00,11:30:00,2
2498,203,2025-10-06,14:30:00,16:30:00,2
2499,203,2025-10-09,14:30:00,16:30:00,2
2500,203,2025-10-13,14:30:00,16:30:00,2
2501,203,2025-10-16,14:30:00,16:30:00,2
2502,203,2025-10-20,14:30:00,16:30:00,2
2503,203,2025-10-23,14:30:00,16:30:00,2
2504,203,2025-10-27,14:30:00,16:30:00,2
2505,203,2025-10-30,14:30:00,16:30:00,2
2506,203,2025-11-03,14:30:00,16:30:00,2
2507,203,2025-11-06,14:30:00,16:30:00,2
2508,204,2025-11-10,14:30:00,16:30:00,2
2509,204,2025-11-13,14:30:00,16:30:00,2
2510,204,2025-11-17,14:30:00,16:30:00,2
2511,204,2025-11-20,14:30:00,16:30:00,2
2512,204,2025-11-24,14:30:00,16:30:00,2
2513,204,2025-11-27,14:30:00,16:30:00,2
2514,204,2025-12-01,14:30:00,16:30:00,2
2515,204,2025-12-04,14:30:00,16:30:00,2
2516,204,2025-12-08,14:30:00,16:30:00,2
2517,204,2025-12-11,14:30:00,16:30:00,2
2518,205,2025-10-07,12:30:00,14:30:00,2
2519,205,2025-10-10,12:30:00,14:30:00,2
2520,205,2025-10-14,12:30:00,14:30:00,2
2521,205,2025-10-17,12:30:00,14:30:00,2
2522,205,2025-10-21,12:30:00,14:30:00,2
2523,205,2025-10-24,12:30:00,14:30:00,2
2524,205,2025-10-28,12:30:00,14:30:00,2
2525,205,2025-10-31,12:30:00,14:30:00,2
2526,205,2025-11-04,12:30:00,14:30:00,2
2527,205,2025-11-07,12:30:00,14:30:00,2
2528,205,2025-11-11,12:30:00,14:30:00,2
2529,205,2025-11-14,12:30:00,14:30:00,2
2530,205,2025-11-18,12:30:00,14:30:00,2
2531,205,2025-11-21,12:30:00,14:30:00,2
2532,205,2025-11-25,12:30:00,14:30:00,2
2533,205,2025-11-28,12:30:00,14:30:00,2
2534,205,2025-12-02,12:30:00,14:30:00,2
2535,205,2025-12-05,12:30:00,14:30:00,2
2536,205,2025-12-09,12:30:00,14:30:00,2
2537,205,2025-12-12,12:30:00,14:30:00,2
2538,206,2025-10-06,12:30:00,14:30:00,2
2539,206,2025-10-09,12:30:00,14:30:00,2
2540,206,2025-10-13,12:30:00,14:30:00,2
2541,206,2025-10-16,12:30:00,14:30:00,2
2542,206,2025-10-20,12:30:00,14:30:00,2
2543,206,2025-10-23,12:30:00,14:30:00,2
2544,206,2025-10-27,12:30:00,14:30:00,2
2545,206,2025-10-30,12:30:00,14:30:00,2
2546,206,2025-11-03,12:30:00,14:30:00,2
2547,206,2025-11-06,12:30:00,14:30:00,2
2548,206,2025-11-10,12:30:00,14:30:00,2
2549,206,2025-11-13,12:30:00,14:30:00,2
2550,206,2025-11-17,12:30:00,14:30:00,2
2551,206,2025-11-20,12:30:00,14:30:00,2
2552,206,2025-11-24,12:30:00,14:30:00,2
2553,206,2025-11-27,12:30:00,14:30:00,2
2554,206,2025-12-01,12:30:00,14:30:00,2
2555,206,2025-12-04,12:30:00,14:30:00,2
2556,206,2025-12-08,12:30:00,14:30:00,2
2557,206,2025-12-11,12:30:00,14:30:00,2
2558,207,2025-10-07,07:30:00,09:30:00,2
2559,207,2025-10-10,07:30:00,09:30:00,2
2560,207,2025-10-14,07:30:00,09:30:00,2
2561,207,2025-10-17,07:30:00,09:30:00,2
2562,207,2025-10-21,07:30:00,09:30:00,2
2563,207,2025-10-24,07:30:00,09:30:00,2
2564,207,2025-10-28,07:30:00,09:30:00,2
2565,207,2025-10-31,07:30:00,09:30:00,2
2566,207,2025-11-04,07:30:00,09:30:00,2
2567,207,2025-11-07,07:30:00,09:30:00,2
2568,207,2025-11-11,07:30:00,09:30:00,2
2569,207,2025-11-14,07:30:00,09:30:00,2
2570,207,2025-11-18,07:30:00,09:30:00,2
2571,207,2025-11-21,07:30:00,09:30:00,2
2572,207,2025-11-25,07:30:00,09:30:00,2
2573,207,2025-11-28,07:30:00,09:30:00,2
2574,207,2025-12-02,07:30:00,09:30:00,2
2575,207,2025-12-05,07:30:00,09:30:00,2
2576,207,2025-12-09,07:30:00,09:30:00,2
2577,207,2025-12-12,07:30:00,09:30:00,2
2578,208,2025-10-07,14:30:00,16:30:00,2
2579,208,2025-10-10,14:30:00,16:30:00,2
2580,208,2025-10-14,14:30:00,16:30:00,2
2581,208,2025-10-17,14:30:00,16:30:00,2
2582,208,2025-10-21,14:30:00,16:30:00,2
2583,208,2025-10-24,14:30:00,16:30:00,2
2584,208,2025-10-28,14:30:00,16:30:00,2
2585,208,2025-10-31,14:30:00,16:30:00,2
2586,208,2025-11-04,14:30:00,16:30:00,2
2587,208,2025-11-07,14:30:00,16:30:00,2
2588,208,2025-11-11,14:30:00,16:30:00,2
2589,208,2025-11-14,14:30:00,16:30:00,2
2590,208,2025-11-18,14:30:00,16:30:00,2
2591,208,2025-11-21,14:30:00,16:30:00,2
2592,208,2025-11-25,14:30:00,16:30:00,2
2593,208,2025-11-28,14:30:00,16:30:00,2
2594,208,2025-12-02,14:30:00,16:30:00,2
2595,208,2025-12-05,14:30:00,16:30:00,2
2596,208,2025-12-09,14:30:00,16:30:00,2
2597,208,2025-12-12,14:30:00,16:30:00,2
2598,209,2025-11-11,14:30:00,16:30:00,2
2599,209,2025-11-14,14:30:00,16:30:00,2
2600,209,2025-11-18,14:30:00,16:30:00,2
2601,209,2025-11-21,14:30:00,16:30:00,2
2602,209,2025-11-25,14:30:00,16:30:00,2
2603,209,2025-11-28,14:30:00,16:30:00,2
2604,209,2025-12-02,14:30:00,16:30:00,2
2605,209,2025-12-05,14:30:00,16:30:00,2
2606,209,2025-12-09,14:30:00,16:30:00,2
2607,209,2025-12-12,14:30:00,16:30:00,2
2608,210,2025-10-07,14:30:00,16:30:00,2
2609,210,2025-10-10,14:30:00,16:30:00,2
2610,210,2025-10-14,14:30:00,16:30:00,2
2611,210,2025-10-17,14:30:00,16:30:00,2
2612,210,2025-10-21,14:30:00,16:30:00,2
2613,210,2025-10-24,14:30:00,16:30:00,2
2614,210,2025-10-28,14:30:00,16:30:00,2
2615,210,2025-10-31,14:30:00,16:30:00,2
2616,210,2025-11-04,14:30:00,16:30:00,2
2617,210,2025-11-07,14:30:00,16:30:00,2
2618,211,2025-11-10,14:30:00,16:30:00,2
2619,211,2025-11-13,14:30:00,16:30:00,2
2620,211,2025-11-17,14:30:00,16:30:00,2
2621,211,2025-11-20,14:30:00,16:30:00,2
2622,211,2025-11-24,14:30:00,16:30:00,2
2623,211,2025-11-27,14:30:00,16:30:00,2
2624,211,2025-12-01,14:30:00,16:30:00,2
2625,211,2025-12-04,14:30:00,16:30:00,2
2626,211,2025-12-08,14:30:00,16:30:00,2
2627,211,2025-12-11,14:30:00,16:30:00,2
2628,212,2025-10-06,14:30:00,16:30:00,2
2629,212,2025-10-09,14:30:00,16:30:00,2
2630,212,2025-10-13,14:30:00,16:30:00,2
2631,212,2025-10-16,14:30:00,16:30:00,2
2632,212,2025-10-20,14:30:00,16:30:00,2
2633,212,2025-10-23,14:30:00,16:30:00,2
2634,212,2025-10-27,14:30:00,16:30:00,2
2635,212,2025-10-30,14:30:00,16:30:00,2
2636,212,2025-11-03,14:30:00,16:30:00,2
2637,212,2025-11-06,14:30:00,16:30:00,2
2638,213,2025-11-11,14:30:00,16:30:00,2
2639,213,2025-11-14,14:30:00,16:30:00,2
2640,213,2025-11-18,14:30:00,16:30:00,2
2641,213,2025-11-21,14:30:00,16:30:00,2
2642,213,2025-11-25,14:30:00,16:30:00,2
2643,213,2025-11-28,14:30:00,16:30:00,2
2644,213,2025-12-02,14:30:00,16:30:00,2
2645,213,2025-12-05,14:30:00,16:30:00,2
2646,213,2025-12-09,14:30:00,16:30:00,2
2647,213,2025-12-12,14:30:00,16:30:00,2
2648,214,2025-10-07,14:30:00,16:30:00,2
2649,214,2025-10-10,14:30:00,16:30:00,2
2650,214,2025-10-14,14:30:00,16:30:00,2
2651,214,2025-10-17,14:30:00,16:30:00,2
2652,214,2025-10-21,14:30:00,16:30:00,2
2653,214,2025-10-24,14:30:00,16:30:00,2
2654,214,2025-10-28,14:30:00,16:30:00,2
2655,214,2025-10-31,14:30:00,16:30:00,2
2656,214,2025-11-04,14:30:00,16:30:00,2
2657,214,2025-11-07,14:30:00,16:30:00,2
2658,215,2025-10-07,09:30:00,11:30:00,2
2659,215,2025-10-10,09:30:00,11:30:00,2
2660,215,2025-10-14,09:30:00,11:30:00,2
2661,215,2025-10-17,09:30:00,11:30:00,2
2662,215,2025-10-21,09:30:00,11:30:00,2
2663,215,2025-10-24,09:30:00,11:30:00,2
2664,215,2025-10-28,09:30:00,11:30:00,2
2665,215,2025-10-31,09:30:00,11:30:00,2
2666,215,2025-11-04,09:30:00,11:30:00,2
2667,215,2025-11-07,09:30:00,11:30:00,2
2668,215,2025-11-11,09:30:00,11:30:00,2
2669,215,2025-11-14,09:30:00,11:30:00,2
2670,215,2025-11-18,09:30:00,11:30:00,2
2671,215,2025-11-21,09:30:00,11:30:00,2
2672,215,2025-11-25,09:30:00,11:30:00,2
2673,215,2025-11-28,09:30:00,11:30:00,2
2674,215,2025-12-02,09:30:00,11:30:00,2
2675,215,2025-12-05,09:30:00,11:30:00,2
2676,215,2025-12-09,09:30:00,11:30:00,2
2677,215,2025-12-12,09:30:00,11:30:00,2
2678,216,2025-10-06,09:30:00,11:30:00,2
2679,216,2025-10-09,09:30:00,11:30:00,2
2680,216,2025-10-13,09:30:00,11:30:00,2
2681,216,2025-10-16,09:30:00,11:30:00,2
2682,216,2025-10-20,09:30:00,11:30:00,2
2683,216,2025-10-23,09:30:00,11:30:00,2
2684,216,2025-10-27,09:30:00,11:30:00,2
2685,216,2025-10-30,09:30:00,11:30:00,2
2686,216,2025-11-03,09:30:00,11:30:00,2
2687,216,2025-11-06,09:30:00,11:30:00,2
2688,216,2025-11-10,09:30:00,11:30:00,2
2689,216,2025-11-13,09:30:00,11:30:00,2
2690,216,2025-11-17,09:30:00,11:30:00,2
2691,216,2025-11-20,09:30:00,11:30:00,2
2692,216,2025-11-24,09:30:00,11:30:00,2
2693,216,2025-11-27,09:30:00,11:30:00,2
2694,216,2025-12-01,09:30:00,11:30:00,2
2695,216,2025-12-04,09:30:00,11:30:00,2
2696,216,2025-12-08,09:30:00,11:30:00,2
2697,216,2025-12-11,09:30:00,11:30:00,2
